USER_ID,ITEM_ID,TIMESTAMP
3558d126-6cd7-4107-983e-d27f60d421ce,1dde49ac-0604-43e9-897e-32cda41d0a9d,1618187554001
06ab53f0-ea47-4adf-88e3-1bfb60970fce,f1ce3398-f570-45a8-a6c9-7d2426ece162,1618576146439
7ba2255e-26aa-4b6a-8129-f3456a783100,7dd0e563-9910-49f8-a990-af233aee97e0,1618823898519
da843aab-2bfd-4c73-bc55-2b79d6d8d6d9,99dba2a8-d01c-458a-9038-f4bcdb18fef1,1618289269673
055b9b0e-7bf0-4a7f-b68f-2fcf0459928b,91823378-8499-4d19-a803-db878f1deaae,1618312313357
055b9b0e-7bf0-4a7f-b68f-2fcf0459928b,ade3715a-0111-487c-be59-3813033e60d2,1618120394669
19c39fd1-7d8b-4892-a417-87ca0f0a89b4,901e4f6b-12a8-473f-958b-e5a14b792854,1618299083720
da843aab-2bfd-4c73-bc55-2b79d6d8d6d9,0812ef4e-6747-4ce3-b6c9-b44721380b28,1618696342442
855531c8-0add-4a73-b759-162f662af3b4,99dba2a8-d01c-458a-9038-f4bcdb18fef1,1618319142775
c232f7df-0e66-4152-9096-a7df83f71f54,33e08f77-6289-4187-9ceb-88c484e2965d,1618571565132
3558d126-6cd7-4107-983e-d27f60d421ce,61db2a96-94c2-49bc-9a09-fd5d341d645d,1618434233278
da843aab-2bfd-4c73-bc55-2b79d6d8d6d9,99dba2a8-d01c-458a-9038-f4bcdb18fef1,1618376007742
7ba2255e-26aa-4b6a-8129-f3456a783100,61db2a96-94c2-49bc-9a09-fd5d341d645d,1619042760488
19c39fd1-7d8b-4892-a417-87ca0f0a89b4,99dba2a8-d01c-458a-9038-f4bcdb18fef1,1618364849591
c232f7df-0e66-4152-9096-a7df83f71f54,33e08f77-6289-4187-9ceb-88c484e2965d,1618410141143
9cebcaf2-0be1-45ab-9497-2315afdf8d4c,ade3715a-0111-487c-be59-3813033e60d2,1618018350983
f73f87d2-5a76-463c-8204-47f1d2c86fe8,0812ef4e-6747-4ce3-b6c9-b44721380b28,1618785427742
a1752eb9-6d58-4c13-96bc-55466d2dfad1,5418a3ba-df46-479a-905f-f91348957b0f,1618946269785
b0844f19-24a3-4d2f-8e5f-d53e331469ab,0812ef4e-6747-4ce3-b6c9-b44721380b28,1618487893925
3a6cbef8-abb9-48e8-a294-d3ae43827743,f1ce3398-f570-45a8-a6c9-7d2426ece162,1618251512359
ede37973-f563-4a60-83e4-2a33e52b52d3,ade3715a-0111-487c-be59-3813033e60d2,1618606802904
855531c8-0add-4a73-b759-162f662af3b4,94f8875c-de9c-4169-b2f6-b1e0d9342c5c,1618098201696
f0cdecd6-19ab-41b0-a8ce-29d345c52b0b,91823378-8499-4d19-a803-db878f1deaae,1617988424399
9cebcaf2-0be1-45ab-9497-2315afdf8d4c,94f8875c-de9c-4169-b2f6-b1e0d9342c5c,1618382542504
f73f87d2-5a76-463c-8204-47f1d2c86fe8,0812ef4e-6747-4ce3-b6c9-b44721380b28,1618992568279
f3805536-8fe7-44ce-b8a9-60561fe1d502,f1ce3398-f570-45a8-a6c9-7d2426ece162,1618142952464
19c39fd1-7d8b-4892-a417-87ca0f0a89b4,ade3715a-0111-487c-be59-3813033e60d2,1618850730630
8763d571-e7fc-45e9-af52-943b6cecb598,0812ef4e-6747-4ce3-b6c9-b44721380b28,1618930490383
510a2d52-9818-409d-9ac9-5e53cd1f8dfd,0812ef4e-6747-4ce3-b6c9-b44721380b28,1618883340933
11167ffa-9afe-4caa-9b66-ae3219099b99,0812ef4e-6747-4ce3-b6c9-b44721380b28,1619070548831
510a2d52-9818-409d-9ac9-5e53cd1f8dfd,ade3715a-0111-487c-be59-3813033e60d2,1618443634147
3e13aca9-a4ce-4098-b1db-6f73917fea1d,f1ce3398-f570-45a8-a6c9-7d2426ece162,1618490253726
f6b58700-f2c2-4481-b902-89a67af440fd,0812ef4e-6747-4ce3-b6c9-b44721380b28,1618697247654
855531c8-0add-4a73-b759-162f662af3b4,99dba2a8-d01c-458a-9038-f4bcdb18fef1,1618455340212
5c5ccdfa-9a8d-467e-86b4-49c7ca8a0c66,ade3715a-0111-487c-be59-3813033e60d2,1618720214897
cbd1a65f-361e-445b-9756-6e44e52997ea,ade3715a-0111-487c-be59-3813033e60d2,1618524947725
f73f87d2-5a76-463c-8204-47f1d2c86fe8,0812ef4e-6747-4ce3-b6c9-b44721380b28,1618486847085
cbd1a65f-361e-445b-9756-6e44e52997ea,99dba2a8-d01c-458a-9038-f4bcdb18fef1,1618570753408
fa0655b9-fc87-4905-9367-7622056d64b8,61db2a96-94c2-49bc-9a09-fd5d341d645d,1619005119894
da843aab-2bfd-4c73-bc55-2b79d6d8d6d9,94f8875c-de9c-4169-b2f6-b1e0d9342c5c,1618199938513
4333dee4-1b30-489e-aa66-994989e856ff,4d961598-01c9-4155-b87d-2ae6b64eaa92,1618187677801
da843aab-2bfd-4c73-bc55-2b79d6d8d6d9,4d961598-01c9-4155-b87d-2ae6b64eaa92,1618039559830
19c39fd1-7d8b-4892-a417-87ca0f0a89b4,99dba2a8-d01c-458a-9038-f4bcdb18fef1,1618430573980
510a2d52-9818-409d-9ac9-5e53cd1f8dfd,f1ce3398-f570-45a8-a6c9-7d2426ece162,1619139489162
c232f7df-0e66-4152-9096-a7df83f71f54,7dd0e563-9910-49f8-a990-af233aee97e0,1618866664357
e10b102b-5d26-4b8d-bf60-53ea5d92edc8,0812ef4e-6747-4ce3-b6c9-b44721380b28,1618542038254
19c39fd1-7d8b-4892-a417-87ca0f0a89b4,0812ef4e-6747-4ce3-b6c9-b44721380b28,1618629669908
11167ffa-9afe-4caa-9b66-ae3219099b99,4d961598-01c9-4155-b87d-2ae6b64eaa92,1618469749682
b0844f19-24a3-4d2f-8e5f-d53e331469ab,901e4f6b-12a8-473f-958b-e5a14b792854,1618606969985
8763d571-e7fc-45e9-af52-943b6cecb598,ade3715a-0111-487c-be59-3813033e60d2,1618193125128
4333dee4-1b30-489e-aa66-994989e856ff,4d961598-01c9-4155-b87d-2ae6b64eaa92,1618935311280
1cc4ae2b-15dc-45cd-a214-f0c0850fd8bb,33e08f77-6289-4187-9ceb-88c484e2965d,1618640940582
da843aab-2bfd-4c73-bc55-2b79d6d8d6d9,4d961598-01c9-4155-b87d-2ae6b64eaa92,1619025786041
4333dee4-1b30-489e-aa66-994989e856ff,94f8875c-de9c-4169-b2f6-b1e0d9342c5c,1618410428107
9cebcaf2-0be1-45ab-9497-2315afdf8d4c,901e4f6b-12a8-473f-958b-e5a14b792854,1619181713426
b04ca654-330e-4951-bfb8-cd8f3f3b5608,91823378-8499-4d19-a803-db878f1deaae,1618285085695
510a2d52-9818-409d-9ac9-5e53cd1f8dfd,91823378-8499-4d19-a803-db878f1deaae,1618869320717
e10b102b-5d26-4b8d-bf60-53ea5d92edc8,99dba2a8-d01c-458a-9038-f4bcdb18fef1,1618392463145
f6b58700-f2c2-4481-b902-89a67af440fd,4d961598-01c9-4155-b87d-2ae6b64eaa92,1619093424836
11167ffa-9afe-4caa-9b66-ae3219099b99,94f8875c-de9c-4169-b2f6-b1e0d9342c5c,1618585222662
da843aab-2bfd-4c73-bc55-2b79d6d8d6d9,f1ce3398-f570-45a8-a6c9-7d2426ece162,1618104491152
8763d571-e7fc-45e9-af52-943b6cecb598,ade3715a-0111-487c-be59-3813033e60d2,1618805539897
cbd1a65f-361e-445b-9756-6e44e52997ea,ade3715a-0111-487c-be59-3813033e60d2,1618770472173
ede37973-f563-4a60-83e4-2a33e52b52d3,901e4f6b-12a8-473f-958b-e5a14b792854,1618335123732
855531c8-0add-4a73-b759-162f662af3b4,0812ef4e-6747-4ce3-b6c9-b44721380b28,1618457585478
cbd1a65f-361e-445b-9756-6e44e52997ea,ade3715a-0111-487c-be59-3813033e60d2,1618366277033
11167ffa-9afe-4caa-9b66-ae3219099b99,94f8875c-de9c-4169-b2f6-b1e0d9342c5c,1618435784832
3e13aca9-a4ce-4098-b1db-6f73917fea1d,901e4f6b-12a8-473f-958b-e5a14b792854,1619026380307
fa0655b9-fc87-4905-9367-7622056d64b8,3004a5c4-c5e2-475a-b3b4-8c6f035c8b03,1618182798361
b0844f19-24a3-4d2f-8e5f-d53e331469ab,f1ce3398-f570-45a8-a6c9-7d2426ece162,1618471241007
65ec28b7-5c5c-4c9c-87ea-eff7cbc416bf,f1ce3398-f570-45a8-a6c9-7d2426ece162,1618255805258
da843aab-2bfd-4c73-bc55-2b79d6d8d6d9,ade3715a-0111-487c-be59-3813033e60d2,1618558794059
400a2714-7eb6-4262-802b-7882a001822d,0812ef4e-6747-4ce3-b6c9-b44721380b28,1619179898001
c232f7df-0e66-4152-9096-a7df83f71f54,3004a5c4-c5e2-475a-b3b4-8c6f035c8b03,1618267005986
3a6cbef8-abb9-48e8-a294-d3ae43827743,91823378-8499-4d19-a803-db878f1deaae,1618815217002
400a2714-7eb6-4262-802b-7882a001822d,0812ef4e-6747-4ce3-b6c9-b44721380b28,1618243137210
3558d126-6cd7-4107-983e-d27f60d421ce,3004a5c4-c5e2-475a-b3b4-8c6f035c8b03,1618125202917
8763d571-e7fc-45e9-af52-943b6cecb598,91823378-8499-4d19-a803-db878f1deaae,1619106812069
c232f7df-0e66-4152-9096-a7df83f71f54,07d0c52d-9f2b-4048-961e-37a9159a70ba,1618892281045
f3805536-8fe7-44ce-b8a9-60561fe1d502,901e4f6b-12a8-473f-958b-e5a14b792854,1618163297596
cbd1a65f-361e-445b-9756-6e44e52997ea,94f8875c-de9c-4169-b2f6-b1e0d9342c5c,1618232054354
fa0655b9-fc87-4905-9367-7622056d64b8,1dde49ac-0604-43e9-897e-32cda41d0a9d,1618430445626
4333dee4-1b30-489e-aa66-994989e856ff,ade3715a-0111-487c-be59-3813033e60d2,1619109318518
055b9b0e-7bf0-4a7f-b68f-2fcf0459928b,901e4f6b-12a8-473f-958b-e5a14b792854,1618386469842
5c5ccdfa-9a8d-467e-86b4-49c7ca8a0c66,0812ef4e-6747-4ce3-b6c9-b44721380b28,1618321673902
400a2714-7eb6-4262-802b-7882a001822d,94f8875c-de9c-4169-b2f6-b1e0d9342c5c,1618303028970
510a2d52-9818-409d-9ac9-5e53cd1f8dfd,99dba2a8-d01c-458a-9038-f4bcdb18fef1,1618652098204
5c5ccdfa-9a8d-467e-86b4-49c7ca8a0c66,0812ef4e-6747-4ce3-b6c9-b44721380b28,1618053002711
b04ca654-330e-4951-bfb8-cd8f3f3b5608,99dba2a8-d01c-458a-9038-f4bcdb18fef1,1618716733139
b00081db-9572-4029-8582-c2519038c8a4,0812ef4e-6747-4ce3-b6c9-b44721380b28,1619103067314
400a2714-7eb6-4262-802b-7882a001822d,0812ef4e-6747-4ce3-b6c9-b44721380b28,1618813121776
da843aab-2bfd-4c73-bc55-2b79d6d8d6d9,91823378-8499-4d19-a803-db878f1deaae,1618065376891
a1752eb9-6d58-4c13-96bc-55466d2dfad1,7dd0e563-9910-49f8-a990-af233aee97e0,1618893092828
8763d571-e7fc-45e9-af52-943b6cecb598,4d961598-01c9-4155-b87d-2ae6b64eaa92,1618931995493
11167ffa-9afe-4caa-9b66-ae3219099b99,f1ce3398-f570-45a8-a6c9-7d2426ece162,1618290793052
055b9b0e-7bf0-4a7f-b68f-2fcf0459928b,99dba2a8-d01c-458a-9038-f4bcdb18fef1,1618267092826
c232f7df-0e66-4152-9096-a7df83f71f54,1dde49ac-0604-43e9-897e-32cda41d0a9d,1618809369295
7ba2255e-26aa-4b6a-8129-f3456a783100,5418a3ba-df46-479a-905f-f91348957b0f,1618321467090
fa0655b9-fc87-4905-9367-7622056d64b8,7dd0e563-9910-49f8-a990-af233aee97e0,1618695557492
a1752eb9-6d58-4c13-96bc-55466d2dfad1,33e08f77-6289-4187-9ceb-88c484e2965d,1619148734969
e10b102b-5d26-4b8d-bf60-53ea5d92edc8,901e4f6b-12a8-473f-958b-e5a14b792854,1618708794905
510a2d52-9818-409d-9ac9-5e53cd1f8dfd,94f8875c-de9c-4169-b2f6-b1e0d9342c5c,1618172796726
1cc4ae2b-15dc-45cd-a214-f0c0850fd8bb,61db2a96-94c2-49bc-9a09-fd5d341d645d,1618706044966
65ec28b7-5c5c-4c9c-87ea-eff7cbc416bf,ade3715a-0111-487c-be59-3813033e60d2,1618055265243
f73f87d2-5a76-463c-8204-47f1d2c86fe8,94f8875c-de9c-4169-b2f6-b1e0d9342c5c,1618352183206
cbd1a65f-361e-445b-9756-6e44e52997ea,f1ce3398-f570-45a8-a6c9-7d2426ece162,1618306573331
b00081db-9572-4029-8582-c2519038c8a4,4d961598-01c9-4155-b87d-2ae6b64eaa92,1618396654176
3558d126-6cd7-4107-983e-d27f60d421ce,7dd0e563-9910-49f8-a990-af233aee97e0,1618686089048
cbd1a65f-361e-445b-9756-6e44e52997ea,ade3715a-0111-487c-be59-3813033e60d2,1618359186969
19c39fd1-7d8b-4892-a417-87ca0f0a89b4,f1ce3398-f570-45a8-a6c9-7d2426ece162,1618029584998
b0844f19-24a3-4d2f-8e5f-d53e331469ab,0812ef4e-6747-4ce3-b6c9-b44721380b28,1618598592374
c232f7df-0e66-4152-9096-a7df83f71f54,33e08f77-6289-4187-9ceb-88c484e2965d,1618584444289
3e13aca9-a4ce-4098-b1db-6f73917fea1d,901e4f6b-12a8-473f-958b-e5a14b792854,1618133818911
5c5ccdfa-9a8d-467e-86b4-49c7ca8a0c66,0812ef4e-6747-4ce3-b6c9-b44721380b28,1619049863157
a1752eb9-6d58-4c13-96bc-55466d2dfad1,1dde49ac-0604-43e9-897e-32cda41d0a9d,1618248915976
b00081db-9572-4029-8582-c2519038c8a4,f1ce3398-f570-45a8-a6c9-7d2426ece162,1618031305697
b00081db-9572-4029-8582-c2519038c8a4,94f8875c-de9c-4169-b2f6-b1e0d9342c5c,1618080722511
cbd1a65f-361e-445b-9756-6e44e52997ea,f1ce3398-f570-45a8-a6c9-7d2426ece162,1618490755752
f0cdecd6-19ab-41b0-a8ce-29d345c52b0b,91823378-8499-4d19-a803-db878f1deaae,1618674705914
3a6cbef8-abb9-48e8-a294-d3ae43827743,901e4f6b-12a8-473f-958b-e5a14b792854,1618956106422
11167ffa-9afe-4caa-9b66-ae3219099b99,0812ef4e-6747-4ce3-b6c9-b44721380b28,1618062548921
11167ffa-9afe-4caa-9b66-ae3219099b99,99dba2a8-d01c-458a-9038-f4bcdb18fef1,1618671166274
8763d571-e7fc-45e9-af52-943b6cecb598,f1ce3398-f570-45a8-a6c9-7d2426ece162,1618838507282
f6b58700-f2c2-4481-b902-89a67af440fd,f1ce3398-f570-45a8-a6c9-7d2426ece162,1618558653798
3e13aca9-a4ce-4098-b1db-6f73917fea1d,94f8875c-de9c-4169-b2f6-b1e0d9342c5c,1618644479466
fa0655b9-fc87-4905-9367-7622056d64b8,1dde49ac-0604-43e9-897e-32cda41d0a9d,1619094481760
3e13aca9-a4ce-4098-b1db-6f73917fea1d,94f8875c-de9c-4169-b2f6-b1e0d9342c5c,1618064857986
1cc4ae2b-15dc-45cd-a214-f0c0850fd8bb,3004a5c4-c5e2-475a-b3b4-8c6f035c8b03,1618405665221
9cebcaf2-0be1-45ab-9497-2315afdf8d4c,901e4f6b-12a8-473f-958b-e5a14b792854,1618701110923
a1752eb9-6d58-4c13-96bc-55466d2dfad1,7dd0e563-9910-49f8-a990-af233aee97e0,1618578027424
7ba2255e-26aa-4b6a-8129-f3456a783100,07d0c52d-9f2b-4048-961e-37a9159a70ba,1618661247447
a1752eb9-6d58-4c13-96bc-55466d2dfad1,3004a5c4-c5e2-475a-b3b4-8c6f035c8b03,1618758258551
b00081db-9572-4029-8582-c2519038c8a4,ade3715a-0111-487c-be59-3813033e60d2,1618643189077
055b9b0e-7bf0-4a7f-b68f-2fcf0459928b,f1ce3398-f570-45a8-a6c9-7d2426ece162,1618473051667
510a2d52-9818-409d-9ac9-5e53cd1f8dfd,99dba2a8-d01c-458a-9038-f4bcdb18fef1,1618328905381
3558d126-6cd7-4107-983e-d27f60d421ce,3004a5c4-c5e2-475a-b3b4-8c6f035c8b03,1618804922750
8763d571-e7fc-45e9-af52-943b6cecb598,99dba2a8-d01c-458a-9038-f4bcdb18fef1,1618011442917
b00081db-9572-4029-8582-c2519038c8a4,99dba2a8-d01c-458a-9038-f4bcdb18fef1,1618004130232
7ba2255e-26aa-4b6a-8129-f3456a783100,61db2a96-94c2-49bc-9a09-fd5d341d645d,1618694645178
055b9b0e-7bf0-4a7f-b68f-2fcf0459928b,94f8875c-de9c-4169-b2f6-b1e0d9342c5c,1618591313809
b0844f19-24a3-4d2f-8e5f-d53e331469ab,901e4f6b-12a8-473f-958b-e5a14b792854,1618989188840
cbd1a65f-361e-445b-9756-6e44e52997ea,99dba2a8-d01c-458a-9038-f4bcdb18fef1,1618588219615
7ba2255e-26aa-4b6a-8129-f3456a783100,33e08f77-6289-4187-9ceb-88c484e2965d,1618492554906
855531c8-0add-4a73-b759-162f662af3b4,94f8875c-de9c-4169-b2f6-b1e0d9342c5c,1618336956378
b00081db-9572-4029-8582-c2519038c8a4,ade3715a-0111-487c-be59-3813033e60d2,1618583227563
5c5ccdfa-9a8d-467e-86b4-49c7ca8a0c66,91823378-8499-4d19-a803-db878f1deaae,1618538596323
4333dee4-1b30-489e-aa66-994989e856ff,94f8875c-de9c-4169-b2f6-b1e0d9342c5c,1619144773093
f3805536-8fe7-44ce-b8a9-60561fe1d502,ade3715a-0111-487c-be59-3813033e60d2,1618845489390
b0844f19-24a3-4d2f-8e5f-d53e331469ab,91823378-8499-4d19-a803-db878f1deaae,1618196808007
855531c8-0add-4a73-b759-162f662af3b4,901e4f6b-12a8-473f-958b-e5a14b792854,1618717360336
f3805536-8fe7-44ce-b8a9-60561fe1d502,99dba2a8-d01c-458a-9038-f4bcdb18fef1,1618206889066
1cc4ae2b-15dc-45cd-a214-f0c0850fd8bb,33e08f77-6289-4187-9ceb-88c484e2965d,1618471091757
9cebcaf2-0be1-45ab-9497-2315afdf8d4c,0812ef4e-6747-4ce3-b6c9-b44721380b28,1618075058056
7ba2255e-26aa-4b6a-8129-f3456a783100,1dde49ac-0604-43e9-897e-32cda41d0a9d,1619070481962
06ab53f0-ea47-4adf-88e3-1bfb60970fce,4d961598-01c9-4155-b87d-2ae6b64eaa92,1618415469160
a1752eb9-6d58-4c13-96bc-55466d2dfad1,1dde49ac-0604-43e9-897e-32cda41d0a9d,1618258670000
cbd1a65f-361e-445b-9756-6e44e52997ea,99dba2a8-d01c-458a-9038-f4bcdb18fef1,1618765978452
3558d126-6cd7-4107-983e-d27f60d421ce,07d0c52d-9f2b-4048-961e-37a9159a70ba,1618770625411
06ab53f0-ea47-4adf-88e3-1bfb60970fce,ade3715a-0111-487c-be59-3813033e60d2,1618536356388
510a2d52-9818-409d-9ac9-5e53cd1f8dfd,94f8875c-de9c-4169-b2f6-b1e0d9342c5c,1618119619132
5c5ccdfa-9a8d-467e-86b4-49c7ca8a0c66,ade3715a-0111-487c-be59-3813033e60d2,1618775669017
5c5ccdfa-9a8d-467e-86b4-49c7ca8a0c66,f1ce3398-f570-45a8-a6c9-7d2426ece162,1618008788250
400a2714-7eb6-4262-802b-7882a001822d,94f8875c-de9c-4169-b2f6-b1e0d9342c5c,1618137229992
b00081db-9572-4029-8582-c2519038c8a4,99dba2a8-d01c-458a-9038-f4bcdb18fef1,1618520487896
f3805536-8fe7-44ce-b8a9-60561fe1d502,901e4f6b-12a8-473f-958b-e5a14b792854,1618501633126
c232f7df-0e66-4152-9096-a7df83f71f54,1dde49ac-0604-43e9-897e-32cda41d0a9d,1619119616887
3a6cbef8-abb9-48e8-a294-d3ae43827743,0812ef4e-6747-4ce3-b6c9-b44721380b28,1618401383902
8763d571-e7fc-45e9-af52-943b6cecb598,99dba2a8-d01c-458a-9038-f4bcdb18fef1,1618761879147
3e13aca9-a4ce-4098-b1db-6f73917fea1d,91823378-8499-4d19-a803-db878f1deaae,1618844767529
c232f7df-0e66-4152-9096-a7df83f71f54,3004a5c4-c5e2-475a-b3b4-8c6f035c8b03,1619129774929
f0cdecd6-19ab-41b0-a8ce-29d345c52b0b,ade3715a-0111-487c-be59-3813033e60d2,1618350042395
400a2714-7eb6-4262-802b-7882a001822d,ade3715a-0111-487c-be59-3813033e60d2,1618515043477
3558d126-6cd7-4107-983e-d27f60d421ce,5418a3ba-df46-479a-905f-f91348957b0f,1618072290038
06ab53f0-ea47-4adf-88e3-1bfb60970fce,4d961598-01c9-4155-b87d-2ae6b64eaa92,1618656564627
855531c8-0add-4a73-b759-162f662af3b4,91823378-8499-4d19-a803-db878f1deaae,1619128670350
1cc4ae2b-15dc-45cd-a214-f0c0850fd8bb,5418a3ba-df46-479a-905f-f91348957b0f,1619042427296
f6b58700-f2c2-4481-b902-89a67af440fd,f1ce3398-f570-45a8-a6c9-7d2426ece162,1618447061256
400a2714-7eb6-4262-802b-7882a001822d,91823378-8499-4d19-a803-db878f1deaae,1618398577819
f0cdecd6-19ab-41b0-a8ce-29d345c52b0b,f1ce3398-f570-45a8-a6c9-7d2426ece162,1618585578339
3e13aca9-a4ce-4098-b1db-6f73917fea1d,901e4f6b-12a8-473f-958b-e5a14b792854,1618005242614
510a2d52-9818-409d-9ac9-5e53cd1f8dfd,94f8875c-de9c-4169-b2f6-b1e0d9342c5c,1618213197990
06ab53f0-ea47-4adf-88e3-1bfb60970fce,901e4f6b-12a8-473f-958b-e5a14b792854,1618643014931
9cebcaf2-0be1-45ab-9497-2315afdf8d4c,0812ef4e-6747-4ce3-b6c9-b44721380b28,1618442750304
a1752eb9-6d58-4c13-96bc-55466d2dfad1,3004a5c4-c5e2-475a-b3b4-8c6f035c8b03,1618022926575
cbd1a65f-361e-445b-9756-6e44e52997ea,f1ce3398-f570-45a8-a6c9-7d2426ece162,1618521182643
5c5ccdfa-9a8d-467e-86b4-49c7ca8a0c66,f1ce3398-f570-45a8-a6c9-7d2426ece162,1618611230504
cbd1a65f-361e-445b-9756-6e44e52997ea,0812ef4e-6747-4ce3-b6c9-b44721380b28,1619088582805
f73f87d2-5a76-463c-8204-47f1d2c86fe8,ade3715a-0111-487c-be59-3813033e60d2,1618857800417
9cebcaf2-0be1-45ab-9497-2315afdf8d4c,94f8875c-de9c-4169-b2f6-b1e0d9342c5c,1618630760004
f6b58700-f2c2-4481-b902-89a67af440fd,901e4f6b-12a8-473f-958b-e5a14b792854,1619038767232
a1752eb9-6d58-4c13-96bc-55466d2dfad1,3004a5c4-c5e2-475a-b3b4-8c6f035c8b03,1618185860981
f3805536-8fe7-44ce-b8a9-60561fe1d502,94f8875c-de9c-4169-b2f6-b1e0d9342c5c,1618971443480
855531c8-0add-4a73-b759-162f662af3b4,f1ce3398-f570-45a8-a6c9-7d2426ece162,1619107073728
b0844f19-24a3-4d2f-8e5f-d53e331469ab,901e4f6b-12a8-473f-958b-e5a14b792854,1618918695975
b04ca654-330e-4951-bfb8-cd8f3f3b5608,99dba2a8-d01c-458a-9038-f4bcdb18fef1,1618971589033
055b9b0e-7bf0-4a7f-b68f-2fcf0459928b,ade3715a-0111-487c-be59-3813033e60d2,1618322943622
3e13aca9-a4ce-4098-b1db-6f73917fea1d,f1ce3398-f570-45a8-a6c9-7d2426ece162,1619084468464
7ba2255e-26aa-4b6a-8129-f3456a783100,1dde49ac-0604-43e9-897e-32cda41d0a9d,1618525367763
65ec28b7-5c5c-4c9c-87ea-eff7cbc416bf,99dba2a8-d01c-458a-9038-f4bcdb18fef1,1619140038214
f0cdecd6-19ab-41b0-a8ce-29d345c52b0b,99dba2a8-d01c-458a-9038-f4bcdb18fef1,1618995852034
da843aab-2bfd-4c73-bc55-2b79d6d8d6d9,91823378-8499-4d19-a803-db878f1deaae,1618899555832
65ec28b7-5c5c-4c9c-87ea-eff7cbc416bf,94f8875c-de9c-4169-b2f6-b1e0d9342c5c,1618006353223
e10b102b-5d26-4b8d-bf60-53ea5d92edc8,4d961598-01c9-4155-b87d-2ae6b64eaa92,1619141136968
11167ffa-9afe-4caa-9b66-ae3219099b99,ade3715a-0111-487c-be59-3813033e60d2,1618060225145
9cebcaf2-0be1-45ab-9497-2315afdf8d4c,ade3715a-0111-487c-be59-3813033e60d2,1619170317524
06ab53f0-ea47-4adf-88e3-1bfb60970fce,91823378-8499-4d19-a803-db878f1deaae,1618918587704
855531c8-0add-4a73-b759-162f662af3b4,91823378-8499-4d19-a803-db878f1deaae,1618338340647
4333dee4-1b30-489e-aa66-994989e856ff,ade3715a-0111-487c-be59-3813033e60d2,1618863498353
e10b102b-5d26-4b8d-bf60-53ea5d92edc8,94f8875c-de9c-4169-b2f6-b1e0d9342c5c,1618030734609
400a2714-7eb6-4262-802b-7882a001822d,99dba2a8-d01c-458a-9038-f4bcdb18fef1,1618198900741
06ab53f0-ea47-4adf-88e3-1bfb60970fce,99dba2a8-d01c-458a-9038-f4bcdb18fef1,1618949879157
a1752eb9-6d58-4c13-96bc-55466d2dfad1,7dd0e563-9910-49f8-a990-af233aee97e0,1618796732342
fa0655b9-fc87-4905-9367-7622056d64b8,3004a5c4-c5e2-475a-b3b4-8c6f035c8b03,1618186440211
a1752eb9-6d58-4c13-96bc-55466d2dfad1,7dd0e563-9910-49f8-a990-af233aee97e0,1618211072824
055b9b0e-7bf0-4a7f-b68f-2fcf0459928b,4d961598-01c9-4155-b87d-2ae6b64eaa92,1619161529027
9cebcaf2-0be1-45ab-9497-2315afdf8d4c,901e4f6b-12a8-473f-958b-e5a14b792854,1618059544608
da843aab-2bfd-4c73-bc55-2b79d6d8d6d9,901e4f6b-12a8-473f-958b-e5a14b792854,1618377228094
f73f87d2-5a76-463c-8204-47f1d2c86fe8,99dba2a8-d01c-458a-9038-f4bcdb18fef1,1618316854720
f73f87d2-5a76-463c-8204-47f1d2c86fe8,ade3715a-0111-487c-be59-3813033e60d2,1618509000960
65ec28b7-5c5c-4c9c-87ea-eff7cbc416bf,ade3715a-0111-487c-be59-3813033e60d2,1618122163201
f0cdecd6-19ab-41b0-a8ce-29d345c52b0b,0812ef4e-6747-4ce3-b6c9-b44721380b28,1618450238062
3558d126-6cd7-4107-983e-d27f60d421ce,5418a3ba-df46-479a-905f-f91348957b0f,1618999319838
f73f87d2-5a76-463c-8204-47f1d2c86fe8,0812ef4e-6747-4ce3-b6c9-b44721380b28,1618261121474
e10b102b-5d26-4b8d-bf60-53ea5d92edc8,91823378-8499-4d19-a803-db878f1deaae,1619014345216
3558d126-6cd7-4107-983e-d27f60d421ce,5418a3ba-df46-479a-905f-f91348957b0f,1619045865157
3a6cbef8-abb9-48e8-a294-d3ae43827743,94f8875c-de9c-4169-b2f6-b1e0d9342c5c,1619006575375
3a6cbef8-abb9-48e8-a294-d3ae43827743,99dba2a8-d01c-458a-9038-f4bcdb18fef1,1618906650818
ede37973-f563-4a60-83e4-2a33e52b52d3,4d961598-01c9-4155-b87d-2ae6b64eaa92,1618323476397
7ba2255e-26aa-4b6a-8129-f3456a783100,1dde49ac-0604-43e9-897e-32cda41d0a9d,1618935393296
4333dee4-1b30-489e-aa66-994989e856ff,99dba2a8-d01c-458a-9038-f4bcdb18fef1,1618711861234
f6b58700-f2c2-4481-b902-89a67af440fd,f1ce3398-f570-45a8-a6c9-7d2426ece162,1618796877908
ede37973-f563-4a60-83e4-2a33e52b52d3,ade3715a-0111-487c-be59-3813033e60d2,1618850766768
f6b58700-f2c2-4481-b902-89a67af440fd,4d961598-01c9-4155-b87d-2ae6b64eaa92,1618992206973
cbd1a65f-361e-445b-9756-6e44e52997ea,f1ce3398-f570-45a8-a6c9-7d2426ece162,1618900020009
c232f7df-0e66-4152-9096-a7df83f71f54,1dde49ac-0604-43e9-897e-32cda41d0a9d,1618574325338
f73f87d2-5a76-463c-8204-47f1d2c86fe8,4d961598-01c9-4155-b87d-2ae6b64eaa92,1618050029252
3e13aca9-a4ce-4098-b1db-6f73917fea1d,99dba2a8-d01c-458a-9038-f4bcdb18fef1,1618461164234
11167ffa-9afe-4caa-9b66-ae3219099b99,99dba2a8-d01c-458a-9038-f4bcdb18fef1,1618616922303
3a6cbef8-abb9-48e8-a294-d3ae43827743,901e4f6b-12a8-473f-958b-e5a14b792854,1619009585684
3e13aca9-a4ce-4098-b1db-6f73917fea1d,ade3715a-0111-487c-be59-3813033e60d2,1618466908743
b04ca654-330e-4951-bfb8-cd8f3f3b5608,91823378-8499-4d19-a803-db878f1deaae,1618689306514
3a6cbef8-abb9-48e8-a294-d3ae43827743,f1ce3398-f570-45a8-a6c9-7d2426ece162,1618113323885
a1752eb9-6d58-4c13-96bc-55466d2dfad1,07d0c52d-9f2b-4048-961e-37a9159a70ba,1618691020853
f0cdecd6-19ab-41b0-a8ce-29d345c52b0b,f1ce3398-f570-45a8-a6c9-7d2426ece162,1618780197519
8763d571-e7fc-45e9-af52-943b6cecb598,94f8875c-de9c-4169-b2f6-b1e0d9342c5c,1619043270806
b00081db-9572-4029-8582-c2519038c8a4,901e4f6b-12a8-473f-958b-e5a14b792854,1618944325116
b04ca654-330e-4951-bfb8-cd8f3f3b5608,91823378-8499-4d19-a803-db878f1deaae,1618287646504
f73f87d2-5a76-463c-8204-47f1d2c86fe8,901e4f6b-12a8-473f-958b-e5a14b792854,1618316339720
9cebcaf2-0be1-45ab-9497-2315afdf8d4c,4d961598-01c9-4155-b87d-2ae6b64eaa92,1618292161590
f73f87d2-5a76-463c-8204-47f1d2c86fe8,94f8875c-de9c-4169-b2f6-b1e0d9342c5c,1618025057179
855531c8-0add-4a73-b759-162f662af3b4,901e4f6b-12a8-473f-958b-e5a14b792854,1618164192595
4333dee4-1b30-489e-aa66-994989e856ff,ade3715a-0111-487c-be59-3813033e60d2,1619128310612
c232f7df-0e66-4152-9096-a7df83f71f54,07d0c52d-9f2b-4048-961e-37a9159a70ba,1618405462319
b0844f19-24a3-4d2f-8e5f-d53e331469ab,0812ef4e-6747-4ce3-b6c9-b44721380b28,1619190196133
11167ffa-9afe-4caa-9b66-ae3219099b99,0812ef4e-6747-4ce3-b6c9-b44721380b28,1618002597912
f3805536-8fe7-44ce-b8a9-60561fe1d502,f1ce3398-f570-45a8-a6c9-7d2426ece162,1619109851884
fa0655b9-fc87-4905-9367-7622056d64b8,7dd0e563-9910-49f8-a990-af233aee97e0,1618918794082
a1752eb9-6d58-4c13-96bc-55466d2dfad1,61db2a96-94c2-49bc-9a09-fd5d341d645d,1618350919297
f0cdecd6-19ab-41b0-a8ce-29d345c52b0b,f1ce3398-f570-45a8-a6c9-7d2426ece162,1619091054788
f3805536-8fe7-44ce-b8a9-60561fe1d502,94f8875c-de9c-4169-b2f6-b1e0d9342c5c,1618359531709
b04ca654-330e-4951-bfb8-cd8f3f3b5608,99dba2a8-d01c-458a-9038-f4bcdb18fef1,1618444156335
5c5ccdfa-9a8d-467e-86b4-49c7ca8a0c66,901e4f6b-12a8-473f-958b-e5a14b792854,1619058234134
3558d126-6cd7-4107-983e-d27f60d421ce,1dde49ac-0604-43e9-897e-32cda41d0a9d,1618600909543
b04ca654-330e-4951-bfb8-cd8f3f3b5608,ade3715a-0111-487c-be59-3813033e60d2,1618793667843
f0cdecd6-19ab-41b0-a8ce-29d345c52b0b,91823378-8499-4d19-a803-db878f1deaae,1618386760955
3e13aca9-a4ce-4098-b1db-6f73917fea1d,ade3715a-0111-487c-be59-3813033e60d2,1618938066027
855531c8-0add-4a73-b759-162f662af3b4,91823378-8499-4d19-a803-db878f1deaae,1618012657642
f73f87d2-5a76-463c-8204-47f1d2c86fe8,99dba2a8-d01c-458a-9038-f4bcdb18fef1,1618464103322
b0844f19-24a3-4d2f-8e5f-d53e331469ab,f1ce3398-f570-45a8-a6c9-7d2426ece162,1619173180216
c232f7df-0e66-4152-9096-a7df83f71f54,7dd0e563-9910-49f8-a990-af233aee97e0,1618831897668
3558d126-6cd7-4107-983e-d27f60d421ce,33e08f77-6289-4187-9ceb-88c484e2965d,1618151094338
f0cdecd6-19ab-41b0-a8ce-29d345c52b0b,94f8875c-de9c-4169-b2f6-b1e0d9342c5c,1618949327010
cbd1a65f-361e-445b-9756-6e44e52997ea,4d961598-01c9-4155-b87d-2ae6b64eaa92,1618177737270
19c39fd1-7d8b-4892-a417-87ca0f0a89b4,901e4f6b-12a8-473f-958b-e5a14b792854,1619076755266
f73f87d2-5a76-463c-8204-47f1d2c86fe8,901e4f6b-12a8-473f-958b-e5a14b792854,1618374856210
9cebcaf2-0be1-45ab-9497-2315afdf8d4c,91823378-8499-4d19-a803-db878f1deaae,1618030013005
f6b58700-f2c2-4481-b902-89a67af440fd,f1ce3398-f570-45a8-a6c9-7d2426ece162,1618720868148
b0844f19-24a3-4d2f-8e5f-d53e331469ab,4d961598-01c9-4155-b87d-2ae6b64eaa92,1618453125161
b0844f19-24a3-4d2f-8e5f-d53e331469ab,94f8875c-de9c-4169-b2f6-b1e0d9342c5c,1618080120722
7ba2255e-26aa-4b6a-8129-f3456a783100,07d0c52d-9f2b-4048-961e-37a9159a70ba,1619120198126
055b9b0e-7bf0-4a7f-b68f-2fcf0459928b,91823378-8499-4d19-a803-db878f1deaae,1618329135135
9cebcaf2-0be1-45ab-9497-2315afdf8d4c,0812ef4e-6747-4ce3-b6c9-b44721380b28,1618007276639
855531c8-0add-4a73-b759-162f662af3b4,901e4f6b-12a8-473f-958b-e5a14b792854,1618428806237
f0cdecd6-19ab-41b0-a8ce-29d345c52b0b,4d961598-01c9-4155-b87d-2ae6b64eaa92,1618342732027
b04ca654-330e-4951-bfb8-cd8f3f3b5608,4d961598-01c9-4155-b87d-2ae6b64eaa92,1618292109760
3e13aca9-a4ce-4098-b1db-6f73917fea1d,4d961598-01c9-4155-b87d-2ae6b64eaa92,1618941795534
da843aab-2bfd-4c73-bc55-2b79d6d8d6d9,94f8875c-de9c-4169-b2f6-b1e0d9342c5c,1618167818264
e10b102b-5d26-4b8d-bf60-53ea5d92edc8,901e4f6b-12a8-473f-958b-e5a14b792854,1618452239969
f3805536-8fe7-44ce-b8a9-60561fe1d502,f1ce3398-f570-45a8-a6c9-7d2426ece162,1618624405463
19c39fd1-7d8b-4892-a417-87ca0f0a89b4,91823378-8499-4d19-a803-db878f1deaae,1618186329945
a1752eb9-6d58-4c13-96bc-55466d2dfad1,33e08f77-6289-4187-9ceb-88c484e2965d,1618395844342
da843aab-2bfd-4c73-bc55-2b79d6d8d6d9,91823378-8499-4d19-a803-db878f1deaae,1618903844634
5c5ccdfa-9a8d-467e-86b4-49c7ca8a0c66,0812ef4e-6747-4ce3-b6c9-b44721380b28,1618142950656
fa0655b9-fc87-4905-9367-7622056d64b8,5418a3ba-df46-479a-905f-f91348957b0f,1618953548407
11167ffa-9afe-4caa-9b66-ae3219099b99,4d961598-01c9-4155-b87d-2ae6b64eaa92,1618679206665
f6b58700-f2c2-4481-b902-89a67af440fd,ade3715a-0111-487c-be59-3813033e60d2,1618805652166
400a2714-7eb6-4262-802b-7882a001822d,91823378-8499-4d19-a803-db878f1deaae,1618353816765
11167ffa-9afe-4caa-9b66-ae3219099b99,99dba2a8-d01c-458a-9038-f4bcdb18fef1,1618009196910
7ba2255e-26aa-4b6a-8129-f3456a783100,5418a3ba-df46-479a-905f-f91348957b0f,1617987165884
b0844f19-24a3-4d2f-8e5f-d53e331469ab,94f8875c-de9c-4169-b2f6-b1e0d9342c5c,1618938536632
9cebcaf2-0be1-45ab-9497-2315afdf8d4c,f1ce3398-f570-45a8-a6c9-7d2426ece162,1619027384589
400a2714-7eb6-4262-802b-7882a001822d,901e4f6b-12a8-473f-958b-e5a14b792854,1618727707707
65ec28b7-5c5c-4c9c-87ea-eff7cbc416bf,99dba2a8-d01c-458a-9038-f4bcdb18fef1,1618078392245
510a2d52-9818-409d-9ac9-5e53cd1f8dfd,901e4f6b-12a8-473f-958b-e5a14b792854,1618987246620
ede37973-f563-4a60-83e4-2a33e52b52d3,ade3715a-0111-487c-be59-3813033e60d2,1619043398575
8763d571-e7fc-45e9-af52-943b6cecb598,4d961598-01c9-4155-b87d-2ae6b64eaa92,1618481493236
3558d126-6cd7-4107-983e-d27f60d421ce,1dde49ac-0604-43e9-897e-32cda41d0a9d,1619063921630
fa0655b9-fc87-4905-9367-7622056d64b8,07d0c52d-9f2b-4048-961e-37a9159a70ba,1618591762775
19c39fd1-7d8b-4892-a417-87ca0f0a89b4,99dba2a8-d01c-458a-9038-f4bcdb18fef1,1618088864674
f3805536-8fe7-44ce-b8a9-60561fe1d502,ade3715a-0111-487c-be59-3813033e60d2,1618963766500
400a2714-7eb6-4262-802b-7882a001822d,94f8875c-de9c-4169-b2f6-b1e0d9342c5c,1619130313405
f3805536-8fe7-44ce-b8a9-60561fe1d502,ade3715a-0111-487c-be59-3813033e60d2,1618876358126
cbd1a65f-361e-445b-9756-6e44e52997ea,0812ef4e-6747-4ce3-b6c9-b44721380b28,1618275238553
9cebcaf2-0be1-45ab-9497-2315afdf8d4c,0812ef4e-6747-4ce3-b6c9-b44721380b28,1618304425194
da843aab-2bfd-4c73-bc55-2b79d6d8d6d9,4d961598-01c9-4155-b87d-2ae6b64eaa92,1618266199210
06ab53f0-ea47-4adf-88e3-1bfb60970fce,0812ef4e-6747-4ce3-b6c9-b44721380b28,1618006548492
e10b102b-5d26-4b8d-bf60-53ea5d92edc8,901e4f6b-12a8-473f-958b-e5a14b792854,1618985635702
b04ca654-330e-4951-bfb8-cd8f3f3b5608,0812ef4e-6747-4ce3-b6c9-b44721380b28,1618370748611
3a6cbef8-abb9-48e8-a294-d3ae43827743,ade3715a-0111-487c-be59-3813033e60d2,1619063384190
1cc4ae2b-15dc-45cd-a214-f0c0850fd8bb,5418a3ba-df46-479a-905f-f91348957b0f,1618025428973
f0cdecd6-19ab-41b0-a8ce-29d345c52b0b,99dba2a8-d01c-458a-9038-f4bcdb18fef1,1618154828371
510a2d52-9818-409d-9ac9-5e53cd1f8dfd,f1ce3398-f570-45a8-a6c9-7d2426ece162,1618712861303
855531c8-0add-4a73-b759-162f662af3b4,f1ce3398-f570-45a8-a6c9-7d2426ece162,1618899039680
055b9b0e-7bf0-4a7f-b68f-2fcf0459928b,901e4f6b-12a8-473f-958b-e5a14b792854,1618064345809
400a2714-7eb6-4262-802b-7882a001822d,0812ef4e-6747-4ce3-b6c9-b44721380b28,1618927835974
f73f87d2-5a76-463c-8204-47f1d2c86fe8,99dba2a8-d01c-458a-9038-f4bcdb18fef1,1619123197886
1cc4ae2b-15dc-45cd-a214-f0c0850fd8bb,3004a5c4-c5e2-475a-b3b4-8c6f035c8b03,1618059341955
da843aab-2bfd-4c73-bc55-2b79d6d8d6d9,0812ef4e-6747-4ce3-b6c9-b44721380b28,1618178479382
b04ca654-330e-4951-bfb8-cd8f3f3b5608,0812ef4e-6747-4ce3-b6c9-b44721380b28,1618442219054
fa0655b9-fc87-4905-9367-7622056d64b8,7dd0e563-9910-49f8-a990-af233aee97e0,1619141287139
055b9b0e-7bf0-4a7f-b68f-2fcf0459928b,f1ce3398-f570-45a8-a6c9-7d2426ece162,1618105431779
f6b58700-f2c2-4481-b902-89a67af440fd,4d961598-01c9-4155-b87d-2ae6b64eaa92,1618889784299
4333dee4-1b30-489e-aa66-994989e856ff,0812ef4e-6747-4ce3-b6c9-b44721380b28,1619147196060
7ba2255e-26aa-4b6a-8129-f3456a783100,7dd0e563-9910-49f8-a990-af233aee97e0,1619117637386
055b9b0e-7bf0-4a7f-b68f-2fcf0459928b,4d961598-01c9-4155-b87d-2ae6b64eaa92,1618679618096
e10b102b-5d26-4b8d-bf60-53ea5d92edc8,99dba2a8-d01c-458a-9038-f4bcdb18fef1,1618320121030
4333dee4-1b30-489e-aa66-994989e856ff,f1ce3398-f570-45a8-a6c9-7d2426ece162,1618772561913
11167ffa-9afe-4caa-9b66-ae3219099b99,0812ef4e-6747-4ce3-b6c9-b44721380b28,1618482803482
11167ffa-9afe-4caa-9b66-ae3219099b99,4d961598-01c9-4155-b87d-2ae6b64eaa92,1618420571160
b04ca654-330e-4951-bfb8-cd8f3f3b5608,99dba2a8-d01c-458a-9038-f4bcdb18fef1,1618672082477
5c5ccdfa-9a8d-467e-86b4-49c7ca8a0c66,f1ce3398-f570-45a8-a6c9-7d2426ece162,1619019220809
ede37973-f563-4a60-83e4-2a33e52b52d3,4d961598-01c9-4155-b87d-2ae6b64eaa92,1618263109364
b00081db-9572-4029-8582-c2519038c8a4,f1ce3398-f570-45a8-a6c9-7d2426ece162,1619133192320
b04ca654-330e-4951-bfb8-cd8f3f3b5608,91823378-8499-4d19-a803-db878f1deaae,1618540664688
5c5ccdfa-9a8d-467e-86b4-49c7ca8a0c66,4d961598-01c9-4155-b87d-2ae6b64eaa92,1618579025153
3558d126-6cd7-4107-983e-d27f60d421ce,1dde49ac-0604-43e9-897e-32cda41d0a9d,1618241530431
3e13aca9-a4ce-4098-b1db-6f73917fea1d,4d961598-01c9-4155-b87d-2ae6b64eaa92,1618809136108
7ba2255e-26aa-4b6a-8129-f3456a783100,07d0c52d-9f2b-4048-961e-37a9159a70ba,1618922500234
855531c8-0add-4a73-b759-162f662af3b4,901e4f6b-12a8-473f-958b-e5a14b792854,1618426644543
8763d571-e7fc-45e9-af52-943b6cecb598,f1ce3398-f570-45a8-a6c9-7d2426ece162,1618005683056
e10b102b-5d26-4b8d-bf60-53ea5d92edc8,901e4f6b-12a8-473f-958b-e5a14b792854,1619148220698
3e13aca9-a4ce-4098-b1db-6f73917fea1d,ade3715a-0111-487c-be59-3813033e60d2,1618516899108
65ec28b7-5c5c-4c9c-87ea-eff7cbc416bf,91823378-8499-4d19-a803-db878f1deaae,1618164522805
f73f87d2-5a76-463c-8204-47f1d2c86fe8,4d961598-01c9-4155-b87d-2ae6b64eaa92,1619008165025
f73f87d2-5a76-463c-8204-47f1d2c86fe8,4d961598-01c9-4155-b87d-2ae6b64eaa92,1618823976400
510a2d52-9818-409d-9ac9-5e53cd1f8dfd,91823378-8499-4d19-a803-db878f1deaae,1618024102566
7ba2255e-26aa-4b6a-8129-f3456a783100,3004a5c4-c5e2-475a-b3b4-8c6f035c8b03,1618110886025
9cebcaf2-0be1-45ab-9497-2315afdf8d4c,99dba2a8-d01c-458a-9038-f4bcdb18fef1,1618742646098
b0844f19-24a3-4d2f-8e5f-d53e331469ab,99dba2a8-d01c-458a-9038-f4bcdb18fef1,1618590051174
510a2d52-9818-409d-9ac9-5e53cd1f8dfd,94f8875c-de9c-4169-b2f6-b1e0d9342c5c,1618701477106
11167ffa-9afe-4caa-9b66-ae3219099b99,94f8875c-de9c-4169-b2f6-b1e0d9342c5c,1618596117724
510a2d52-9818-409d-9ac9-5e53cd1f8dfd,0812ef4e-6747-4ce3-b6c9-b44721380b28,1618483205217
a1752eb9-6d58-4c13-96bc-55466d2dfad1,5418a3ba-df46-479a-905f-f91348957b0f,1618073527879
7ba2255e-26aa-4b6a-8129-f3456a783100,33e08f77-6289-4187-9ceb-88c484e2965d,1618500940801
b00081db-9572-4029-8582-c2519038c8a4,ade3715a-0111-487c-be59-3813033e60d2,1618229066867
855531c8-0add-4a73-b759-162f662af3b4,99dba2a8-d01c-458a-9038-f4bcdb18fef1,1618827909354
b0844f19-24a3-4d2f-8e5f-d53e331469ab,f1ce3398-f570-45a8-a6c9-7d2426ece162,1618240186569
c232f7df-0e66-4152-9096-a7df83f71f54,5418a3ba-df46-479a-905f-f91348957b0f,1618528825650
055b9b0e-7bf0-4a7f-b68f-2fcf0459928b,901e4f6b-12a8-473f-958b-e5a14b792854,1618673653423
3e13aca9-a4ce-4098-b1db-6f73917fea1d,901e4f6b-12a8-473f-958b-e5a14b792854,1618473600574
da843aab-2bfd-4c73-bc55-2b79d6d8d6d9,94f8875c-de9c-4169-b2f6-b1e0d9342c5c,1619142531545
fa0655b9-fc87-4905-9367-7622056d64b8,1dde49ac-0604-43e9-897e-32cda41d0a9d,1618735858883
855531c8-0add-4a73-b759-162f662af3b4,99dba2a8-d01c-458a-9038-f4bcdb18fef1,1618073681377
fa0655b9-fc87-4905-9367-7622056d64b8,33e08f77-6289-4187-9ceb-88c484e2965d,1619085772553
e10b102b-5d26-4b8d-bf60-53ea5d92edc8,ade3715a-0111-487c-be59-3813033e60d2,1618952104779
65ec28b7-5c5c-4c9c-87ea-eff7cbc416bf,ade3715a-0111-487c-be59-3813033e60d2,1618101389887
5c5ccdfa-9a8d-467e-86b4-49c7ca8a0c66,91823378-8499-4d19-a803-db878f1deaae,1619094605347
19c39fd1-7d8b-4892-a417-87ca0f0a89b4,0812ef4e-6747-4ce3-b6c9-b44721380b28,1618760148719
cbd1a65f-361e-445b-9756-6e44e52997ea,4d961598-01c9-4155-b87d-2ae6b64eaa92,1618745462813
3558d126-6cd7-4107-983e-d27f60d421ce,33e08f77-6289-4187-9ceb-88c484e2965d,1619101671441
7ba2255e-26aa-4b6a-8129-f3456a783100,1dde49ac-0604-43e9-897e-32cda41d0a9d,1618299173831
8763d571-e7fc-45e9-af52-943b6cecb598,901e4f6b-12a8-473f-958b-e5a14b792854,1619111344133
a1752eb9-6d58-4c13-96bc-55466d2dfad1,1dde49ac-0604-43e9-897e-32cda41d0a9d,1618642262798
3a6cbef8-abb9-48e8-a294-d3ae43827743,ade3715a-0111-487c-be59-3813033e60d2,1618957160820
19c39fd1-7d8b-4892-a417-87ca0f0a89b4,91823378-8499-4d19-a803-db878f1deaae,1618286884660
19c39fd1-7d8b-4892-a417-87ca0f0a89b4,99dba2a8-d01c-458a-9038-f4bcdb18fef1,1619100366427
da843aab-2bfd-4c73-bc55-2b79d6d8d6d9,4d961598-01c9-4155-b87d-2ae6b64eaa92,1618238842995
4333dee4-1b30-489e-aa66-994989e856ff,91823378-8499-4d19-a803-db878f1deaae,1618670269211
b0844f19-24a3-4d2f-8e5f-d53e331469ab,ade3715a-0111-487c-be59-3813033e60d2,1618527491949
ede37973-f563-4a60-83e4-2a33e52b52d3,0812ef4e-6747-4ce3-b6c9-b44721380b28,1618845915321
c232f7df-0e66-4152-9096-a7df83f71f54,7dd0e563-9910-49f8-a990-af233aee97e0,1618668998784
3a6cbef8-abb9-48e8-a294-d3ae43827743,0812ef4e-6747-4ce3-b6c9-b44721380b28,1618146372851
7ba2255e-26aa-4b6a-8129-f3456a783100,07d0c52d-9f2b-4048-961e-37a9159a70ba,1618453104428
400a2714-7eb6-4262-802b-7882a001822d,f1ce3398-f570-45a8-a6c9-7d2426ece162,1618897465648
4333dee4-1b30-489e-aa66-994989e856ff,0812ef4e-6747-4ce3-b6c9-b44721380b28,1618239337997
65ec28b7-5c5c-4c9c-87ea-eff7cbc416bf,4d961598-01c9-4155-b87d-2ae6b64eaa92,1618240198427
da843aab-2bfd-4c73-bc55-2b79d6d8d6d9,94f8875c-de9c-4169-b2f6-b1e0d9342c5c,1618382631285
11167ffa-9afe-4caa-9b66-ae3219099b99,94f8875c-de9c-4169-b2f6-b1e0d9342c5c,1618931033155
9cebcaf2-0be1-45ab-9497-2315afdf8d4c,ade3715a-0111-487c-be59-3813033e60d2,1618388847398
8763d571-e7fc-45e9-af52-943b6cecb598,901e4f6b-12a8-473f-958b-e5a14b792854,1618596878520
e10b102b-5d26-4b8d-bf60-53ea5d92edc8,f1ce3398-f570-45a8-a6c9-7d2426ece162,1618766638689
f6b58700-f2c2-4481-b902-89a67af440fd,4d961598-01c9-4155-b87d-2ae6b64eaa92,1619140643965
855531c8-0add-4a73-b759-162f662af3b4,91823378-8499-4d19-a803-db878f1deaae,1618070770374
f73f87d2-5a76-463c-8204-47f1d2c86fe8,99dba2a8-d01c-458a-9038-f4bcdb18fef1,1618868625472
19c39fd1-7d8b-4892-a417-87ca0f0a89b4,94f8875c-de9c-4169-b2f6-b1e0d9342c5c,1619068716220
19c39fd1-7d8b-4892-a417-87ca0f0a89b4,ade3715a-0111-487c-be59-3813033e60d2,1618454873957
1cc4ae2b-15dc-45cd-a214-f0c0850fd8bb,61db2a96-94c2-49bc-9a09-fd5d341d645d,1618823294992
f73f87d2-5a76-463c-8204-47f1d2c86fe8,0812ef4e-6747-4ce3-b6c9-b44721380b28,1618150118599
5c5ccdfa-9a8d-467e-86b4-49c7ca8a0c66,94f8875c-de9c-4169-b2f6-b1e0d9342c5c,1618292816047
65ec28b7-5c5c-4c9c-87ea-eff7cbc416bf,901e4f6b-12a8-473f-958b-e5a14b792854,1618197370608
c232f7df-0e66-4152-9096-a7df83f71f54,33e08f77-6289-4187-9ceb-88c484e2965d,1618556461633
1cc4ae2b-15dc-45cd-a214-f0c0850fd8bb,33e08f77-6289-4187-9ceb-88c484e2965d,1618641223532
400a2714-7eb6-4262-802b-7882a001822d,0812ef4e-6747-4ce3-b6c9-b44721380b28,1618573812258
11167ffa-9afe-4caa-9b66-ae3219099b99,f1ce3398-f570-45a8-a6c9-7d2426ece162,1618015911224
400a2714-7eb6-4262-802b-7882a001822d,ade3715a-0111-487c-be59-3813033e60d2,1618680492960
e10b102b-5d26-4b8d-bf60-53ea5d92edc8,ade3715a-0111-487c-be59-3813033e60d2,1618935109945
055b9b0e-7bf0-4a7f-b68f-2fcf0459928b,ade3715a-0111-487c-be59-3813033e60d2,1618898678381
e10b102b-5d26-4b8d-bf60-53ea5d92edc8,f1ce3398-f570-45a8-a6c9-7d2426ece162,1618166301441
b0844f19-24a3-4d2f-8e5f-d53e331469ab,ade3715a-0111-487c-be59-3813033e60d2,1618068994741
b00081db-9572-4029-8582-c2519038c8a4,91823378-8499-4d19-a803-db878f1deaae,1618469150374
cbd1a65f-361e-445b-9756-6e44e52997ea,ade3715a-0111-487c-be59-3813033e60d2,1618599636173
510a2d52-9818-409d-9ac9-5e53cd1f8dfd,ade3715a-0111-487c-be59-3813033e60d2,1618891570504
4333dee4-1b30-489e-aa66-994989e856ff,94f8875c-de9c-4169-b2f6-b1e0d9342c5c,1618409520896
ede37973-f563-4a60-83e4-2a33e52b52d3,91823378-8499-4d19-a803-db878f1deaae,1618591025008
5c5ccdfa-9a8d-467e-86b4-49c7ca8a0c66,f1ce3398-f570-45a8-a6c9-7d2426ece162,1618605329231
c232f7df-0e66-4152-9096-a7df83f71f54,33e08f77-6289-4187-9ceb-88c484e2965d,1618532485102
a1752eb9-6d58-4c13-96bc-55466d2dfad1,3004a5c4-c5e2-475a-b3b4-8c6f035c8b03,1618061310676
ede37973-f563-4a60-83e4-2a33e52b52d3,99dba2a8-d01c-458a-9038-f4bcdb18fef1,1618764655448
8763d571-e7fc-45e9-af52-943b6cecb598,0812ef4e-6747-4ce3-b6c9-b44721380b28,1618554127063
19c39fd1-7d8b-4892-a417-87ca0f0a89b4,f1ce3398-f570-45a8-a6c9-7d2426ece162,1618872555758
65ec28b7-5c5c-4c9c-87ea-eff7cbc416bf,91823378-8499-4d19-a803-db878f1deaae,1618098548470
fa0655b9-fc87-4905-9367-7622056d64b8,33e08f77-6289-4187-9ceb-88c484e2965d,1618043195992
4333dee4-1b30-489e-aa66-994989e856ff,f1ce3398-f570-45a8-a6c9-7d2426ece162,1619065095536
f3805536-8fe7-44ce-b8a9-60561fe1d502,0812ef4e-6747-4ce3-b6c9-b44721380b28,1618883452303
3e13aca9-a4ce-4098-b1db-6f73917fea1d,ade3715a-0111-487c-be59-3813033e60d2,1618039186777
fa0655b9-fc87-4905-9367-7622056d64b8,5418a3ba-df46-479a-905f-f91348957b0f,1618360591401
f73f87d2-5a76-463c-8204-47f1d2c86fe8,0812ef4e-6747-4ce3-b6c9-b44721380b28,1619070315389
f6b58700-f2c2-4481-b902-89a67af440fd,ade3715a-0111-487c-be59-3813033e60d2,1618586124106
3a6cbef8-abb9-48e8-a294-d3ae43827743,f1ce3398-f570-45a8-a6c9-7d2426ece162,1618629333548
f0cdecd6-19ab-41b0-a8ce-29d345c52b0b,ade3715a-0111-487c-be59-3813033e60d2,1618894058381
ede37973-f563-4a60-83e4-2a33e52b52d3,99dba2a8-d01c-458a-9038-f4bcdb18fef1,1618931257616
b0844f19-24a3-4d2f-8e5f-d53e331469ab,99dba2a8-d01c-458a-9038-f4bcdb18fef1,1618378927741
06ab53f0-ea47-4adf-88e3-1bfb60970fce,94f8875c-de9c-4169-b2f6-b1e0d9342c5c,1618582891793
cbd1a65f-361e-445b-9756-6e44e52997ea,4d961598-01c9-4155-b87d-2ae6b64eaa92,1618729359069
f0cdecd6-19ab-41b0-a8ce-29d345c52b0b,0812ef4e-6747-4ce3-b6c9-b44721380b28,1619105722108
b0844f19-24a3-4d2f-8e5f-d53e331469ab,f1ce3398-f570-45a8-a6c9-7d2426ece162,1618024641041
19c39fd1-7d8b-4892-a417-87ca0f0a89b4,94f8875c-de9c-4169-b2f6-b1e0d9342c5c,1618286109300
65ec28b7-5c5c-4c9c-87ea-eff7cbc416bf,91823378-8499-4d19-a803-db878f1deaae,1618879756444
3a6cbef8-abb9-48e8-a294-d3ae43827743,ade3715a-0111-487c-be59-3813033e60d2,1618619422640
8763d571-e7fc-45e9-af52-943b6cecb598,99dba2a8-d01c-458a-9038-f4bcdb18fef1,1618383764645
3558d126-6cd7-4107-983e-d27f60d421ce,1dde49ac-0604-43e9-897e-32cda41d0a9d,1618870233170
055b9b0e-7bf0-4a7f-b68f-2fcf0459928b,4d961598-01c9-4155-b87d-2ae6b64eaa92,1619082417762
3558d126-6cd7-4107-983e-d27f60d421ce,3004a5c4-c5e2-475a-b3b4-8c6f035c8b03,1618825029471
055b9b0e-7bf0-4a7f-b68f-2fcf0459928b,901e4f6b-12a8-473f-958b-e5a14b792854,1618584227587
e10b102b-5d26-4b8d-bf60-53ea5d92edc8,99dba2a8-d01c-458a-9038-f4bcdb18fef1,1618329979450
3a6cbef8-abb9-48e8-a294-d3ae43827743,91823378-8499-4d19-a803-db878f1deaae,1618201899058
cbd1a65f-361e-445b-9756-6e44e52997ea,f1ce3398-f570-45a8-a6c9-7d2426ece162,1618336094641
855531c8-0add-4a73-b759-162f662af3b4,0812ef4e-6747-4ce3-b6c9-b44721380b28,1618604514714
3e13aca9-a4ce-4098-b1db-6f73917fea1d,901e4f6b-12a8-473f-958b-e5a14b792854,1618169554615
b00081db-9572-4029-8582-c2519038c8a4,f1ce3398-f570-45a8-a6c9-7d2426ece162,1619074025299
65ec28b7-5c5c-4c9c-87ea-eff7cbc416bf,f1ce3398-f570-45a8-a6c9-7d2426ece162,1617993575853
11167ffa-9afe-4caa-9b66-ae3219099b99,ade3715a-0111-487c-be59-3813033e60d2,1619115152328
fa0655b9-fc87-4905-9367-7622056d64b8,7dd0e563-9910-49f8-a990-af233aee97e0,1618217792272
3e13aca9-a4ce-4098-b1db-6f73917fea1d,94f8875c-de9c-4169-b2f6-b1e0d9342c5c,1618386595355
055b9b0e-7bf0-4a7f-b68f-2fcf0459928b,f1ce3398-f570-45a8-a6c9-7d2426ece162,1619053767512
3a6cbef8-abb9-48e8-a294-d3ae43827743,94f8875c-de9c-4169-b2f6-b1e0d9342c5c,1618594477823
5c5ccdfa-9a8d-467e-86b4-49c7ca8a0c66,99dba2a8-d01c-458a-9038-f4bcdb18fef1,1618461419246
f73f87d2-5a76-463c-8204-47f1d2c86fe8,f1ce3398-f570-45a8-a6c9-7d2426ece162,1619149023018
19c39fd1-7d8b-4892-a417-87ca0f0a89b4,901e4f6b-12a8-473f-958b-e5a14b792854,1618485215293
b04ca654-330e-4951-bfb8-cd8f3f3b5608,4d961598-01c9-4155-b87d-2ae6b64eaa92,1618538921920
a1752eb9-6d58-4c13-96bc-55466d2dfad1,1dde49ac-0604-43e9-897e-32cda41d0a9d,1619048657462
8763d571-e7fc-45e9-af52-943b6cecb598,ade3715a-0111-487c-be59-3813033e60d2,1618024172061
11167ffa-9afe-4caa-9b66-ae3219099b99,0812ef4e-6747-4ce3-b6c9-b44721380b28,1618947266554
7ba2255e-26aa-4b6a-8129-f3456a783100,5418a3ba-df46-479a-905f-f91348957b0f,1619189432489
65ec28b7-5c5c-4c9c-87ea-eff7cbc416bf,99dba2a8-d01c-458a-9038-f4bcdb18fef1,1618838849998
da843aab-2bfd-4c73-bc55-2b79d6d8d6d9,99dba2a8-d01c-458a-9038-f4bcdb18fef1,1618977586205
f0cdecd6-19ab-41b0-a8ce-29d345c52b0b,901e4f6b-12a8-473f-958b-e5a14b792854,1618481241033
ede37973-f563-4a60-83e4-2a33e52b52d3,f1ce3398-f570-45a8-a6c9-7d2426ece162,1618342240320
65ec28b7-5c5c-4c9c-87ea-eff7cbc416bf,94f8875c-de9c-4169-b2f6-b1e0d9342c5c,1619012198974
da843aab-2bfd-4c73-bc55-2b79d6d8d6d9,ade3715a-0111-487c-be59-3813033e60d2,1618694310874
fa0655b9-fc87-4905-9367-7622056d64b8,3004a5c4-c5e2-475a-b3b4-8c6f035c8b03,1618159119642
c232f7df-0e66-4152-9096-a7df83f71f54,7dd0e563-9910-49f8-a990-af233aee97e0,1618967748340
4333dee4-1b30-489e-aa66-994989e856ff,901e4f6b-12a8-473f-958b-e5a14b792854,1619008394522
7ba2255e-26aa-4b6a-8129-f3456a783100,61db2a96-94c2-49bc-9a09-fd5d341d645d,1618935287300
c232f7df-0e66-4152-9096-a7df83f71f54,33e08f77-6289-4187-9ceb-88c484e2965d,1618028162898
f73f87d2-5a76-463c-8204-47f1d2c86fe8,0812ef4e-6747-4ce3-b6c9-b44721380b28,1618277381458
855531c8-0add-4a73-b759-162f662af3b4,f1ce3398-f570-45a8-a6c9-7d2426ece162,1619183065032
855531c8-0add-4a73-b759-162f662af3b4,f1ce3398-f570-45a8-a6c9-7d2426ece162,1618172110062
11167ffa-9afe-4caa-9b66-ae3219099b99,99dba2a8-d01c-458a-9038-f4bcdb18fef1,1618669305897
3a6cbef8-abb9-48e8-a294-d3ae43827743,4d961598-01c9-4155-b87d-2ae6b64eaa92,1618092772746
c232f7df-0e66-4152-9096-a7df83f71f54,7dd0e563-9910-49f8-a990-af233aee97e0,1618486708657
400a2714-7eb6-4262-802b-7882a001822d,0812ef4e-6747-4ce3-b6c9-b44721380b28,1618946702392
f3805536-8fe7-44ce-b8a9-60561fe1d502,91823378-8499-4d19-a803-db878f1deaae,1618835329708
19c39fd1-7d8b-4892-a417-87ca0f0a89b4,4d961598-01c9-4155-b87d-2ae6b64eaa92,1618899127253
055b9b0e-7bf0-4a7f-b68f-2fcf0459928b,94f8875c-de9c-4169-b2f6-b1e0d9342c5c,1618611101519
3558d126-6cd7-4107-983e-d27f60d421ce,33e08f77-6289-4187-9ceb-88c484e2965d,1618160439758
4333dee4-1b30-489e-aa66-994989e856ff,91823378-8499-4d19-a803-db878f1deaae,1619117670141
055b9b0e-7bf0-4a7f-b68f-2fcf0459928b,91823378-8499-4d19-a803-db878f1deaae,1618370070810
b00081db-9572-4029-8582-c2519038c8a4,91823378-8499-4d19-a803-db878f1deaae,1618779583518
ede37973-f563-4a60-83e4-2a33e52b52d3,91823378-8499-4d19-a803-db878f1deaae,1619015855981
b0844f19-24a3-4d2f-8e5f-d53e331469ab,0812ef4e-6747-4ce3-b6c9-b44721380b28,1619028416111
f73f87d2-5a76-463c-8204-47f1d2c86fe8,0812ef4e-6747-4ce3-b6c9-b44721380b28,1618271591821
f0cdecd6-19ab-41b0-a8ce-29d345c52b0b,ade3715a-0111-487c-be59-3813033e60d2,1618057354366
3558d126-6cd7-4107-983e-d27f60d421ce,33e08f77-6289-4187-9ceb-88c484e2965d,1619124917722
19c39fd1-7d8b-4892-a417-87ca0f0a89b4,91823378-8499-4d19-a803-db878f1deaae,1619176991861
5c5ccdfa-9a8d-467e-86b4-49c7ca8a0c66,f1ce3398-f570-45a8-a6c9-7d2426ece162,1618188763828
1cc4ae2b-15dc-45cd-a214-f0c0850fd8bb,7dd0e563-9910-49f8-a990-af233aee97e0,1618579390723
855531c8-0add-4a73-b759-162f662af3b4,4d961598-01c9-4155-b87d-2ae6b64eaa92,1618296147518
f73f87d2-5a76-463c-8204-47f1d2c86fe8,99dba2a8-d01c-458a-9038-f4bcdb18fef1,1618430185132
f0cdecd6-19ab-41b0-a8ce-29d345c52b0b,0812ef4e-6747-4ce3-b6c9-b44721380b28,1618634215609
4333dee4-1b30-489e-aa66-994989e856ff,ade3715a-0111-487c-be59-3813033e60d2,1618850331157
7ba2255e-26aa-4b6a-8129-f3456a783100,1dde49ac-0604-43e9-897e-32cda41d0a9d,1619124286852
e10b102b-5d26-4b8d-bf60-53ea5d92edc8,94f8875c-de9c-4169-b2f6-b1e0d9342c5c,1618066644017
1cc4ae2b-15dc-45cd-a214-f0c0850fd8bb,7dd0e563-9910-49f8-a990-af233aee97e0,1618947092163
b04ca654-330e-4951-bfb8-cd8f3f3b5608,99dba2a8-d01c-458a-9038-f4bcdb18fef1,1618982021257
855531c8-0add-4a73-b759-162f662af3b4,94f8875c-de9c-4169-b2f6-b1e0d9342c5c,1619086405403
c232f7df-0e66-4152-9096-a7df83f71f54,5418a3ba-df46-479a-905f-f91348957b0f,1618609553709
b0844f19-24a3-4d2f-8e5f-d53e331469ab,4d961598-01c9-4155-b87d-2ae6b64eaa92,1618083477536
b00081db-9572-4029-8582-c2519038c8a4,0812ef4e-6747-4ce3-b6c9-b44721380b28,1618473727810
a1752eb9-6d58-4c13-96bc-55466d2dfad1,7dd0e563-9910-49f8-a990-af233aee97e0,1618499389673
f0cdecd6-19ab-41b0-a8ce-29d345c52b0b,94f8875c-de9c-4169-b2f6-b1e0d9342c5c,1618796431360
510a2d52-9818-409d-9ac9-5e53cd1f8dfd,ade3715a-0111-487c-be59-3813033e60d2,1618163836824
400a2714-7eb6-4262-802b-7882a001822d,99dba2a8-d01c-458a-9038-f4bcdb18fef1,1618972215820
19c39fd1-7d8b-4892-a417-87ca0f0a89b4,ade3715a-0111-487c-be59-3813033e60d2,1619151293074
4333dee4-1b30-489e-aa66-994989e856ff,94f8875c-de9c-4169-b2f6-b1e0d9342c5c,1618063018045
19c39fd1-7d8b-4892-a417-87ca0f0a89b4,0812ef4e-6747-4ce3-b6c9-b44721380b28,1618787487221
5c5ccdfa-9a8d-467e-86b4-49c7ca8a0c66,94f8875c-de9c-4169-b2f6-b1e0d9342c5c,1618447722836
da843aab-2bfd-4c73-bc55-2b79d6d8d6d9,99dba2a8-d01c-458a-9038-f4bcdb18fef1,1618645876055
cbd1a65f-361e-445b-9756-6e44e52997ea,94f8875c-de9c-4169-b2f6-b1e0d9342c5c,1618641789162
1cc4ae2b-15dc-45cd-a214-f0c0850fd8bb,07d0c52d-9f2b-4048-961e-37a9159a70ba,1618637570120
3e13aca9-a4ce-4098-b1db-6f73917fea1d,91823378-8499-4d19-a803-db878f1deaae,1618495471100
8763d571-e7fc-45e9-af52-943b6cecb598,94f8875c-de9c-4169-b2f6-b1e0d9342c5c,1618494883862
1cc4ae2b-15dc-45cd-a214-f0c0850fd8bb,3004a5c4-c5e2-475a-b3b4-8c6f035c8b03,1618871488763
c232f7df-0e66-4152-9096-a7df83f71f54,33e08f77-6289-4187-9ceb-88c484e2965d,1618921577368
a1752eb9-6d58-4c13-96bc-55466d2dfad1,61db2a96-94c2-49bc-9a09-fd5d341d645d,1618955307784
855531c8-0add-4a73-b759-162f662af3b4,4d961598-01c9-4155-b87d-2ae6b64eaa92,1618797972232
19c39fd1-7d8b-4892-a417-87ca0f0a89b4,ade3715a-0111-487c-be59-3813033e60d2,1619029373466
1cc4ae2b-15dc-45cd-a214-f0c0850fd8bb,7dd0e563-9910-49f8-a990-af233aee97e0,1618134075471
8763d571-e7fc-45e9-af52-943b6cecb598,91823378-8499-4d19-a803-db878f1deaae,1618940140299
3558d126-6cd7-4107-983e-d27f60d421ce,61db2a96-94c2-49bc-9a09-fd5d341d645d,1618289829442
ede37973-f563-4a60-83e4-2a33e52b52d3,901e4f6b-12a8-473f-958b-e5a14b792854,1618479595293
b00081db-9572-4029-8582-c2519038c8a4,94f8875c-de9c-4169-b2f6-b1e0d9342c5c,1618940185049
510a2d52-9818-409d-9ac9-5e53cd1f8dfd,901e4f6b-12a8-473f-958b-e5a14b792854,1618828161495
855531c8-0add-4a73-b759-162f662af3b4,99dba2a8-d01c-458a-9038-f4bcdb18fef1,1618723878760
f73f87d2-5a76-463c-8204-47f1d2c86fe8,0812ef4e-6747-4ce3-b6c9-b44721380b28,1619044239549
b00081db-9572-4029-8582-c2519038c8a4,91823378-8499-4d19-a803-db878f1deaae,1619135691130
c232f7df-0e66-4152-9096-a7df83f71f54,61db2a96-94c2-49bc-9a09-fd5d341d645d,1618054402698
e10b102b-5d26-4b8d-bf60-53ea5d92edc8,f1ce3398-f570-45a8-a6c9-7d2426ece162,1618079946420
3a6cbef8-abb9-48e8-a294-d3ae43827743,901e4f6b-12a8-473f-958b-e5a14b792854,1618817365690
fa0655b9-fc87-4905-9367-7622056d64b8,3004a5c4-c5e2-475a-b3b4-8c6f035c8b03,1618766055436
e10b102b-5d26-4b8d-bf60-53ea5d92edc8,f1ce3398-f570-45a8-a6c9-7d2426ece162,1618583017596
7ba2255e-26aa-4b6a-8129-f3456a783100,7dd0e563-9910-49f8-a990-af233aee97e0,1619041124673
f0cdecd6-19ab-41b0-a8ce-29d345c52b0b,ade3715a-0111-487c-be59-3813033e60d2,1618975809022
3e13aca9-a4ce-4098-b1db-6f73917fea1d,901e4f6b-12a8-473f-958b-e5a14b792854,1618694643674
b00081db-9572-4029-8582-c2519038c8a4,94f8875c-de9c-4169-b2f6-b1e0d9342c5c,1618513127501
e10b102b-5d26-4b8d-bf60-53ea5d92edc8,94f8875c-de9c-4169-b2f6-b1e0d9342c5c,1618118168901
11167ffa-9afe-4caa-9b66-ae3219099b99,91823378-8499-4d19-a803-db878f1deaae,1618333783008
3e13aca9-a4ce-4098-b1db-6f73917fea1d,ade3715a-0111-487c-be59-3813033e60d2,1618534822764
f6b58700-f2c2-4481-b902-89a67af440fd,901e4f6b-12a8-473f-958b-e5a14b792854,1619149098632
055b9b0e-7bf0-4a7f-b68f-2fcf0459928b,94f8875c-de9c-4169-b2f6-b1e0d9342c5c,1618476344286
8763d571-e7fc-45e9-af52-943b6cecb598,91823378-8499-4d19-a803-db878f1deaae,1618723806730
ede37973-f563-4a60-83e4-2a33e52b52d3,ade3715a-0111-487c-be59-3813033e60d2,1618698063608
da843aab-2bfd-4c73-bc55-2b79d6d8d6d9,ade3715a-0111-487c-be59-3813033e60d2,1618569720363
f3805536-8fe7-44ce-b8a9-60561fe1d502,4d961598-01c9-4155-b87d-2ae6b64eaa92,1619161573441
b00081db-9572-4029-8582-c2519038c8a4,901e4f6b-12a8-473f-958b-e5a14b792854,1618226786765
11167ffa-9afe-4caa-9b66-ae3219099b99,91823378-8499-4d19-a803-db878f1deaae,1619019553191
c232f7df-0e66-4152-9096-a7df83f71f54,7dd0e563-9910-49f8-a990-af233aee97e0,1619113683479
f0cdecd6-19ab-41b0-a8ce-29d345c52b0b,99dba2a8-d01c-458a-9038-f4bcdb18fef1,1618924624117
9cebcaf2-0be1-45ab-9497-2315afdf8d4c,ade3715a-0111-487c-be59-3813033e60d2,1618391017219
c232f7df-0e66-4152-9096-a7df83f71f54,07d0c52d-9f2b-4048-961e-37a9159a70ba,1618117843467
fa0655b9-fc87-4905-9367-7622056d64b8,07d0c52d-9f2b-4048-961e-37a9159a70ba,1618742862463
1cc4ae2b-15dc-45cd-a214-f0c0850fd8bb,33e08f77-6289-4187-9ceb-88c484e2965d,1618560890804
11167ffa-9afe-4caa-9b66-ae3219099b99,f1ce3398-f570-45a8-a6c9-7d2426ece162,1619092579107
3e13aca9-a4ce-4098-b1db-6f73917fea1d,f1ce3398-f570-45a8-a6c9-7d2426ece162,1618933474267
f73f87d2-5a76-463c-8204-47f1d2c86fe8,901e4f6b-12a8-473f-958b-e5a14b792854,1618166702611
ede37973-f563-4a60-83e4-2a33e52b52d3,91823378-8499-4d19-a803-db878f1deaae,1618113311578
cbd1a65f-361e-445b-9756-6e44e52997ea,99dba2a8-d01c-458a-9038-f4bcdb18fef1,1618009466670
cbd1a65f-361e-445b-9756-6e44e52997ea,901e4f6b-12a8-473f-958b-e5a14b792854,1618090787518
b00081db-9572-4029-8582-c2519038c8a4,0812ef4e-6747-4ce3-b6c9-b44721380b28,1618735897642
5c5ccdfa-9a8d-467e-86b4-49c7ca8a0c66,901e4f6b-12a8-473f-958b-e5a14b792854,1618354832416
3a6cbef8-abb9-48e8-a294-d3ae43827743,f1ce3398-f570-45a8-a6c9-7d2426ece162,1618436331967
19c39fd1-7d8b-4892-a417-87ca0f0a89b4,91823378-8499-4d19-a803-db878f1deaae,1618617184758
b0844f19-24a3-4d2f-8e5f-d53e331469ab,94f8875c-de9c-4169-b2f6-b1e0d9342c5c,1619030153901
b00081db-9572-4029-8582-c2519038c8a4,f1ce3398-f570-45a8-a6c9-7d2426ece162,1618384796689
fa0655b9-fc87-4905-9367-7622056d64b8,3004a5c4-c5e2-475a-b3b4-8c6f035c8b03,1618896689963
7ba2255e-26aa-4b6a-8129-f3456a783100,07d0c52d-9f2b-4048-961e-37a9159a70ba,1618468110696
c232f7df-0e66-4152-9096-a7df83f71f54,61db2a96-94c2-49bc-9a09-fd5d341d645d,1618970270878
11167ffa-9afe-4caa-9b66-ae3219099b99,f1ce3398-f570-45a8-a6c9-7d2426ece162,1618122777612
055b9b0e-7bf0-4a7f-b68f-2fcf0459928b,0812ef4e-6747-4ce3-b6c9-b44721380b28,1618192758404
9cebcaf2-0be1-45ab-9497-2315afdf8d4c,901e4f6b-12a8-473f-958b-e5a14b792854,1618193584965
5c5ccdfa-9a8d-467e-86b4-49c7ca8a0c66,ade3715a-0111-487c-be59-3813033e60d2,1618429675396
3e13aca9-a4ce-4098-b1db-6f73917fea1d,4d961598-01c9-4155-b87d-2ae6b64eaa92,1618183051473
da843aab-2bfd-4c73-bc55-2b79d6d8d6d9,ade3715a-0111-487c-be59-3813033e60d2,1618602041947
400a2714-7eb6-4262-802b-7882a001822d,ade3715a-0111-487c-be59-3813033e60d2,1619178192273
ede37973-f563-4a60-83e4-2a33e52b52d3,ade3715a-0111-487c-be59-3813033e60d2,1618922052543
f0cdecd6-19ab-41b0-a8ce-29d345c52b0b,ade3715a-0111-487c-be59-3813033e60d2,1618744667892
f3805536-8fe7-44ce-b8a9-60561fe1d502,94f8875c-de9c-4169-b2f6-b1e0d9342c5c,1618548038840
fa0655b9-fc87-4905-9367-7622056d64b8,07d0c52d-9f2b-4048-961e-37a9159a70ba,1618058989942
1cc4ae2b-15dc-45cd-a214-f0c0850fd8bb,1dde49ac-0604-43e9-897e-32cda41d0a9d,1618707231802
f3805536-8fe7-44ce-b8a9-60561fe1d502,901e4f6b-12a8-473f-958b-e5a14b792854,1618324171177
1cc4ae2b-15dc-45cd-a214-f0c0850fd8bb,07d0c52d-9f2b-4048-961e-37a9159a70ba,1618055172902
b00081db-9572-4029-8582-c2519038c8a4,4d961598-01c9-4155-b87d-2ae6b64eaa92,1618248541879
ede37973-f563-4a60-83e4-2a33e52b52d3,94f8875c-de9c-4169-b2f6-b1e0d9342c5c,1618323168446
b04ca654-330e-4951-bfb8-cd8f3f3b5608,94f8875c-de9c-4169-b2f6-b1e0d9342c5c,1618994504942
4333dee4-1b30-489e-aa66-994989e856ff,4d961598-01c9-4155-b87d-2ae6b64eaa92,1618830907996
c232f7df-0e66-4152-9096-a7df83f71f54,3004a5c4-c5e2-475a-b3b4-8c6f035c8b03,1618925730255
055b9b0e-7bf0-4a7f-b68f-2fcf0459928b,91823378-8499-4d19-a803-db878f1deaae,1618174746980
3558d126-6cd7-4107-983e-d27f60d421ce,1dde49ac-0604-43e9-897e-32cda41d0a9d,1618634599187
19c39fd1-7d8b-4892-a417-87ca0f0a89b4,94f8875c-de9c-4169-b2f6-b1e0d9342c5c,1618627528989
5c5ccdfa-9a8d-467e-86b4-49c7ca8a0c66,ade3715a-0111-487c-be59-3813033e60d2,1618712350126
f3805536-8fe7-44ce-b8a9-60561fe1d502,901e4f6b-12a8-473f-958b-e5a14b792854,1619027896268
cbd1a65f-361e-445b-9756-6e44e52997ea,f1ce3398-f570-45a8-a6c9-7d2426ece162,1618004514988
b04ca654-330e-4951-bfb8-cd8f3f3b5608,f1ce3398-f570-45a8-a6c9-7d2426ece162,1618182015510
a1752eb9-6d58-4c13-96bc-55466d2dfad1,33e08f77-6289-4187-9ceb-88c484e2965d,1618969955444
f6b58700-f2c2-4481-b902-89a67af440fd,4d961598-01c9-4155-b87d-2ae6b64eaa92,1618309582691
3e13aca9-a4ce-4098-b1db-6f73917fea1d,901e4f6b-12a8-473f-958b-e5a14b792854,1618830180089
da843aab-2bfd-4c73-bc55-2b79d6d8d6d9,99dba2a8-d01c-458a-9038-f4bcdb18fef1,1618019248842
8763d571-e7fc-45e9-af52-943b6cecb598,4d961598-01c9-4155-b87d-2ae6b64eaa92,1618561759226
5c5ccdfa-9a8d-467e-86b4-49c7ca8a0c66,901e4f6b-12a8-473f-958b-e5a14b792854,1618271951333
5c5ccdfa-9a8d-467e-86b4-49c7ca8a0c66,4d961598-01c9-4155-b87d-2ae6b64eaa92,1618118943640
ede37973-f563-4a60-83e4-2a33e52b52d3,f1ce3398-f570-45a8-a6c9-7d2426ece162,1619093417609
4333dee4-1b30-489e-aa66-994989e856ff,94f8875c-de9c-4169-b2f6-b1e0d9342c5c,1618671032418
1cc4ae2b-15dc-45cd-a214-f0c0850fd8bb,3004a5c4-c5e2-475a-b3b4-8c6f035c8b03,1618377696976
5c5ccdfa-9a8d-467e-86b4-49c7ca8a0c66,0812ef4e-6747-4ce3-b6c9-b44721380b28,1618350707228
510a2d52-9818-409d-9ac9-5e53cd1f8dfd,4d961598-01c9-4155-b87d-2ae6b64eaa92,1618116743955
1cc4ae2b-15dc-45cd-a214-f0c0850fd8bb,5418a3ba-df46-479a-905f-f91348957b0f,1619157865180
da843aab-2bfd-4c73-bc55-2b79d6d8d6d9,901e4f6b-12a8-473f-958b-e5a14b792854,1618750670228
b04ca654-330e-4951-bfb8-cd8f3f3b5608,99dba2a8-d01c-458a-9038-f4bcdb18fef1,1618214429117
855531c8-0add-4a73-b759-162f662af3b4,0812ef4e-6747-4ce3-b6c9-b44721380b28,1618656903935
11167ffa-9afe-4caa-9b66-ae3219099b99,0812ef4e-6747-4ce3-b6c9-b44721380b28,1619042719763
b00081db-9572-4029-8582-c2519038c8a4,f1ce3398-f570-45a8-a6c9-7d2426ece162,1618510174807
3558d126-6cd7-4107-983e-d27f60d421ce,1dde49ac-0604-43e9-897e-32cda41d0a9d,1618789638897
855531c8-0add-4a73-b759-162f662af3b4,f1ce3398-f570-45a8-a6c9-7d2426ece162,1618561854835
06ab53f0-ea47-4adf-88e3-1bfb60970fce,f1ce3398-f570-45a8-a6c9-7d2426ece162,1618096151280
65ec28b7-5c5c-4c9c-87ea-eff7cbc416bf,ade3715a-0111-487c-be59-3813033e60d2,1618142789893
400a2714-7eb6-4262-802b-7882a001822d,0812ef4e-6747-4ce3-b6c9-b44721380b28,1619039805588
9cebcaf2-0be1-45ab-9497-2315afdf8d4c,0812ef4e-6747-4ce3-b6c9-b44721380b28,1618958070819
9cebcaf2-0be1-45ab-9497-2315afdf8d4c,99dba2a8-d01c-458a-9038-f4bcdb18fef1,1618199130825
7ba2255e-26aa-4b6a-8129-f3456a783100,33e08f77-6289-4187-9ceb-88c484e2965d,1618238422552
510a2d52-9818-409d-9ac9-5e53cd1f8dfd,94f8875c-de9c-4169-b2f6-b1e0d9342c5c,1618905210216
3a6cbef8-abb9-48e8-a294-d3ae43827743,901e4f6b-12a8-473f-958b-e5a14b792854,1618147808674
f73f87d2-5a76-463c-8204-47f1d2c86fe8,91823378-8499-4d19-a803-db878f1deaae,1619033153000
b04ca654-330e-4951-bfb8-cd8f3f3b5608,f1ce3398-f570-45a8-a6c9-7d2426ece162,1618080183669
fa0655b9-fc87-4905-9367-7622056d64b8,5418a3ba-df46-479a-905f-f91348957b0f,1618851075465
b04ca654-330e-4951-bfb8-cd8f3f3b5608,901e4f6b-12a8-473f-958b-e5a14b792854,1618343112884
400a2714-7eb6-4262-802b-7882a001822d,0812ef4e-6747-4ce3-b6c9-b44721380b28,1618986818004
510a2d52-9818-409d-9ac9-5e53cd1f8dfd,901e4f6b-12a8-473f-958b-e5a14b792854,1617994360973
055b9b0e-7bf0-4a7f-b68f-2fcf0459928b,901e4f6b-12a8-473f-958b-e5a14b792854,1619035697659
e10b102b-5d26-4b8d-bf60-53ea5d92edc8,f1ce3398-f570-45a8-a6c9-7d2426ece162,1618933698749
a1752eb9-6d58-4c13-96bc-55466d2dfad1,7dd0e563-9910-49f8-a990-af233aee97e0,1618213504632
400a2714-7eb6-4262-802b-7882a001822d,f1ce3398-f570-45a8-a6c9-7d2426ece162,1619047995200
f0cdecd6-19ab-41b0-a8ce-29d345c52b0b,99dba2a8-d01c-458a-9038-f4bcdb18fef1,1619152767979
f0cdecd6-19ab-41b0-a8ce-29d345c52b0b,f1ce3398-f570-45a8-a6c9-7d2426ece162,1618798883504
b04ca654-330e-4951-bfb8-cd8f3f3b5608,94f8875c-de9c-4169-b2f6-b1e0d9342c5c,1619190082612
400a2714-7eb6-4262-802b-7882a001822d,94f8875c-de9c-4169-b2f6-b1e0d9342c5c,1618414912664
855531c8-0add-4a73-b759-162f662af3b4,4d961598-01c9-4155-b87d-2ae6b64eaa92,1618183423767
19c39fd1-7d8b-4892-a417-87ca0f0a89b4,901e4f6b-12a8-473f-958b-e5a14b792854,1618568093414
f3805536-8fe7-44ce-b8a9-60561fe1d502,0812ef4e-6747-4ce3-b6c9-b44721380b28,1618175348731
ede37973-f563-4a60-83e4-2a33e52b52d3,91823378-8499-4d19-a803-db878f1deaae,1618823521473
855531c8-0add-4a73-b759-162f662af3b4,91823378-8499-4d19-a803-db878f1deaae,1618335252659
65ec28b7-5c5c-4c9c-87ea-eff7cbc416bf,91823378-8499-4d19-a803-db878f1deaae,1619059011130
11167ffa-9afe-4caa-9b66-ae3219099b99,901e4f6b-12a8-473f-958b-e5a14b792854,1618918207080
da843aab-2bfd-4c73-bc55-2b79d6d8d6d9,901e4f6b-12a8-473f-958b-e5a14b792854,1619095609054
1cc4ae2b-15dc-45cd-a214-f0c0850fd8bb,1dde49ac-0604-43e9-897e-32cda41d0a9d,1618643713178
b00081db-9572-4029-8582-c2519038c8a4,f1ce3398-f570-45a8-a6c9-7d2426ece162,1618794861895
06ab53f0-ea47-4adf-88e3-1bfb60970fce,94f8875c-de9c-4169-b2f6-b1e0d9342c5c,1618832401375
400a2714-7eb6-4262-802b-7882a001822d,91823378-8499-4d19-a803-db878f1deaae,1618740112818
da843aab-2bfd-4c73-bc55-2b79d6d8d6d9,0812ef4e-6747-4ce3-b6c9-b44721380b28,1618415788231
06ab53f0-ea47-4adf-88e3-1bfb60970fce,f1ce3398-f570-45a8-a6c9-7d2426ece162,1618534427506
e10b102b-5d26-4b8d-bf60-53ea5d92edc8,94f8875c-de9c-4169-b2f6-b1e0d9342c5c,1618013266558
65ec28b7-5c5c-4c9c-87ea-eff7cbc416bf,4d961598-01c9-4155-b87d-2ae6b64eaa92,1618114695748
3558d126-6cd7-4107-983e-d27f60d421ce,5418a3ba-df46-479a-905f-f91348957b0f,1618493203691
8763d571-e7fc-45e9-af52-943b6cecb598,901e4f6b-12a8-473f-958b-e5a14b792854,1618037128565
cbd1a65f-361e-445b-9756-6e44e52997ea,901e4f6b-12a8-473f-958b-e5a14b792854,1618246674031
c232f7df-0e66-4152-9096-a7df83f71f54,3004a5c4-c5e2-475a-b3b4-8c6f035c8b03,1618405290449
b00081db-9572-4029-8582-c2519038c8a4,f1ce3398-f570-45a8-a6c9-7d2426ece162,1618684236472
11167ffa-9afe-4caa-9b66-ae3219099b99,91823378-8499-4d19-a803-db878f1deaae,1619006653685
4333dee4-1b30-489e-aa66-994989e856ff,4d961598-01c9-4155-b87d-2ae6b64eaa92,1619062092289
fa0655b9-fc87-4905-9367-7622056d64b8,61db2a96-94c2-49bc-9a09-fd5d341d645d,1619187950489
65ec28b7-5c5c-4c9c-87ea-eff7cbc416bf,94f8875c-de9c-4169-b2f6-b1e0d9342c5c,1618103740074
fa0655b9-fc87-4905-9367-7622056d64b8,33e08f77-6289-4187-9ceb-88c484e2965d,1618682277400
1cc4ae2b-15dc-45cd-a214-f0c0850fd8bb,3004a5c4-c5e2-475a-b3b4-8c6f035c8b03,1618263367849
da843aab-2bfd-4c73-bc55-2b79d6d8d6d9,94f8875c-de9c-4169-b2f6-b1e0d9342c5c,1618537828968
06ab53f0-ea47-4adf-88e3-1bfb60970fce,f1ce3398-f570-45a8-a6c9-7d2426ece162,1619116332756
ede37973-f563-4a60-83e4-2a33e52b52d3,ade3715a-0111-487c-be59-3813033e60d2,1619131841002
fa0655b9-fc87-4905-9367-7622056d64b8,61db2a96-94c2-49bc-9a09-fd5d341d645d,1618194134870
b04ca654-330e-4951-bfb8-cd8f3f3b5608,4d961598-01c9-4155-b87d-2ae6b64eaa92,1618875860209
06ab53f0-ea47-4adf-88e3-1bfb60970fce,99dba2a8-d01c-458a-9038-f4bcdb18fef1,1618521587331
c232f7df-0e66-4152-9096-a7df83f71f54,3004a5c4-c5e2-475a-b3b4-8c6f035c8b03,1618766158403
3e13aca9-a4ce-4098-b1db-6f73917fea1d,901e4f6b-12a8-473f-958b-e5a14b792854,1618343200784
3558d126-6cd7-4107-983e-d27f60d421ce,61db2a96-94c2-49bc-9a09-fd5d341d645d,1618733743321
e10b102b-5d26-4b8d-bf60-53ea5d92edc8,0812ef4e-6747-4ce3-b6c9-b44721380b28,1619157640534
b00081db-9572-4029-8582-c2519038c8a4,0812ef4e-6747-4ce3-b6c9-b44721380b28,1618763598146
3a6cbef8-abb9-48e8-a294-d3ae43827743,94f8875c-de9c-4169-b2f6-b1e0d9342c5c,1618279625490
f6b58700-f2c2-4481-b902-89a67af440fd,901e4f6b-12a8-473f-958b-e5a14b792854,1618746914849
f0cdecd6-19ab-41b0-a8ce-29d345c52b0b,4d961598-01c9-4155-b87d-2ae6b64eaa92,1618457555970
3e13aca9-a4ce-4098-b1db-6f73917fea1d,91823378-8499-4d19-a803-db878f1deaae,1618696688953
cbd1a65f-361e-445b-9756-6e44e52997ea,ade3715a-0111-487c-be59-3813033e60d2,1618441198503
11167ffa-9afe-4caa-9b66-ae3219099b99,0812ef4e-6747-4ce3-b6c9-b44721380b28,1618611229078
ede37973-f563-4a60-83e4-2a33e52b52d3,901e4f6b-12a8-473f-958b-e5a14b792854,1618125607562
5c5ccdfa-9a8d-467e-86b4-49c7ca8a0c66,0812ef4e-6747-4ce3-b6c9-b44721380b28,1619145532060
855531c8-0add-4a73-b759-162f662af3b4,4d961598-01c9-4155-b87d-2ae6b64eaa92,1618135297404
a1752eb9-6d58-4c13-96bc-55466d2dfad1,3004a5c4-c5e2-475a-b3b4-8c6f035c8b03,1618847453041
19c39fd1-7d8b-4892-a417-87ca0f0a89b4,ade3715a-0111-487c-be59-3813033e60d2,1618770276235
b00081db-9572-4029-8582-c2519038c8a4,f1ce3398-f570-45a8-a6c9-7d2426ece162,1618048235777
a1752eb9-6d58-4c13-96bc-55466d2dfad1,61db2a96-94c2-49bc-9a09-fd5d341d645d,1618066813619
06ab53f0-ea47-4adf-88e3-1bfb60970fce,ade3715a-0111-487c-be59-3813033e60d2,1617988182063
7ba2255e-26aa-4b6a-8129-f3456a783100,33e08f77-6289-4187-9ceb-88c484e2965d,1618079337414
65ec28b7-5c5c-4c9c-87ea-eff7cbc416bf,ade3715a-0111-487c-be59-3813033e60d2,1618585879516
400a2714-7eb6-4262-802b-7882a001822d,f1ce3398-f570-45a8-a6c9-7d2426ece162,1618595890797
3a6cbef8-abb9-48e8-a294-d3ae43827743,f1ce3398-f570-45a8-a6c9-7d2426ece162,1618618206724
06ab53f0-ea47-4adf-88e3-1bfb60970fce,99dba2a8-d01c-458a-9038-f4bcdb18fef1,1618100394428
855531c8-0add-4a73-b759-162f662af3b4,4d961598-01c9-4155-b87d-2ae6b64eaa92,1618108913605
9cebcaf2-0be1-45ab-9497-2315afdf8d4c,ade3715a-0111-487c-be59-3813033e60d2,1619157310673
3558d126-6cd7-4107-983e-d27f60d421ce,3004a5c4-c5e2-475a-b3b4-8c6f035c8b03,1618533383843
8763d571-e7fc-45e9-af52-943b6cecb598,f1ce3398-f570-45a8-a6c9-7d2426ece162,1618189186832
b00081db-9572-4029-8582-c2519038c8a4,f1ce3398-f570-45a8-a6c9-7d2426ece162,1618677788400
5c5ccdfa-9a8d-467e-86b4-49c7ca8a0c66,ade3715a-0111-487c-be59-3813033e60d2,1618889569482
f73f87d2-5a76-463c-8204-47f1d2c86fe8,f1ce3398-f570-45a8-a6c9-7d2426ece162,1618889504617
855531c8-0add-4a73-b759-162f662af3b4,99dba2a8-d01c-458a-9038-f4bcdb18fef1,1618650780814
06ab53f0-ea47-4adf-88e3-1bfb60970fce,f1ce3398-f570-45a8-a6c9-7d2426ece162,1618349966210
4333dee4-1b30-489e-aa66-994989e856ff,4d961598-01c9-4155-b87d-2ae6b64eaa92,1618790931672
510a2d52-9818-409d-9ac9-5e53cd1f8dfd,0812ef4e-6747-4ce3-b6c9-b44721380b28,1618757369757
65ec28b7-5c5c-4c9c-87ea-eff7cbc416bf,4d961598-01c9-4155-b87d-2ae6b64eaa92,1619065798325
b04ca654-330e-4951-bfb8-cd8f3f3b5608,4d961598-01c9-4155-b87d-2ae6b64eaa92,1619014056172
f6b58700-f2c2-4481-b902-89a67af440fd,ade3715a-0111-487c-be59-3813033e60d2,1618738550024
1cc4ae2b-15dc-45cd-a214-f0c0850fd8bb,7dd0e563-9910-49f8-a990-af233aee97e0,1618696220927
8763d571-e7fc-45e9-af52-943b6cecb598,ade3715a-0111-487c-be59-3813033e60d2,1618679344436
a1752eb9-6d58-4c13-96bc-55466d2dfad1,61db2a96-94c2-49bc-9a09-fd5d341d645d,1618255222081
b00081db-9572-4029-8582-c2519038c8a4,91823378-8499-4d19-a803-db878f1deaae,1618360523826
a1752eb9-6d58-4c13-96bc-55466d2dfad1,3004a5c4-c5e2-475a-b3b4-8c6f035c8b03,1618027512022
b04ca654-330e-4951-bfb8-cd8f3f3b5608,0812ef4e-6747-4ce3-b6c9-b44721380b28,1618020311667
b00081db-9572-4029-8582-c2519038c8a4,901e4f6b-12a8-473f-958b-e5a14b792854,1618744777052
f3805536-8fe7-44ce-b8a9-60561fe1d502,91823378-8499-4d19-a803-db878f1deaae,1619105343721
3a6cbef8-abb9-48e8-a294-d3ae43827743,91823378-8499-4d19-a803-db878f1deaae,1618163161045
f73f87d2-5a76-463c-8204-47f1d2c86fe8,91823378-8499-4d19-a803-db878f1deaae,1618262441250
855531c8-0add-4a73-b759-162f662af3b4,f1ce3398-f570-45a8-a6c9-7d2426ece162,1618256208235
b04ca654-330e-4951-bfb8-cd8f3f3b5608,94f8875c-de9c-4169-b2f6-b1e0d9342c5c,1619030578161
a1752eb9-6d58-4c13-96bc-55466d2dfad1,33e08f77-6289-4187-9ceb-88c484e2965d,1618716406674
f3805536-8fe7-44ce-b8a9-60561fe1d502,901e4f6b-12a8-473f-958b-e5a14b792854,1618074942607
855531c8-0add-4a73-b759-162f662af3b4,0812ef4e-6747-4ce3-b6c9-b44721380b28,1618395216067
f0cdecd6-19ab-41b0-a8ce-29d345c52b0b,ade3715a-0111-487c-be59-3813033e60d2,1618952472516
f73f87d2-5a76-463c-8204-47f1d2c86fe8,91823378-8499-4d19-a803-db878f1deaae,1619089701283
b00081db-9572-4029-8582-c2519038c8a4,4d961598-01c9-4155-b87d-2ae6b64eaa92,1618808638648
b0844f19-24a3-4d2f-8e5f-d53e331469ab,94f8875c-de9c-4169-b2f6-b1e0d9342c5c,1618756496781
f3805536-8fe7-44ce-b8a9-60561fe1d502,99dba2a8-d01c-458a-9038-f4bcdb18fef1,1619141274954
65ec28b7-5c5c-4c9c-87ea-eff7cbc416bf,4d961598-01c9-4155-b87d-2ae6b64eaa92,1618100086766
65ec28b7-5c5c-4c9c-87ea-eff7cbc416bf,94f8875c-de9c-4169-b2f6-b1e0d9342c5c,1618828737289
f0cdecd6-19ab-41b0-a8ce-29d345c52b0b,99dba2a8-d01c-458a-9038-f4bcdb18fef1,1618883935465
400a2714-7eb6-4262-802b-7882a001822d,f1ce3398-f570-45a8-a6c9-7d2426ece162,1618949268141
3e13aca9-a4ce-4098-b1db-6f73917fea1d,ade3715a-0111-487c-be59-3813033e60d2,1618051705370
f73f87d2-5a76-463c-8204-47f1d2c86fe8,94f8875c-de9c-4169-b2f6-b1e0d9342c5c,1618358980567
65ec28b7-5c5c-4c9c-87ea-eff7cbc416bf,4d961598-01c9-4155-b87d-2ae6b64eaa92,1619100065287
f3805536-8fe7-44ce-b8a9-60561fe1d502,0812ef4e-6747-4ce3-b6c9-b44721380b28,1618022719601
400a2714-7eb6-4262-802b-7882a001822d,94f8875c-de9c-4169-b2f6-b1e0d9342c5c,1618591750196
9cebcaf2-0be1-45ab-9497-2315afdf8d4c,94f8875c-de9c-4169-b2f6-b1e0d9342c5c,1618426568104
f3805536-8fe7-44ce-b8a9-60561fe1d502,99dba2a8-d01c-458a-9038-f4bcdb18fef1,1618974470012
06ab53f0-ea47-4adf-88e3-1bfb60970fce,f1ce3398-f570-45a8-a6c9-7d2426ece162,1618633931018
3a6cbef8-abb9-48e8-a294-d3ae43827743,f1ce3398-f570-45a8-a6c9-7d2426ece162,1618212068545
855531c8-0add-4a73-b759-162f662af3b4,ade3715a-0111-487c-be59-3813033e60d2,1618875135087
e10b102b-5d26-4b8d-bf60-53ea5d92edc8,91823378-8499-4d19-a803-db878f1deaae,1618284029137
f0cdecd6-19ab-41b0-a8ce-29d345c52b0b,ade3715a-0111-487c-be59-3813033e60d2,1618178039735
4333dee4-1b30-489e-aa66-994989e856ff,91823378-8499-4d19-a803-db878f1deaae,1618071509007
855531c8-0add-4a73-b759-162f662af3b4,94f8875c-de9c-4169-b2f6-b1e0d9342c5c,1618281433369
3a6cbef8-abb9-48e8-a294-d3ae43827743,91823378-8499-4d19-a803-db878f1deaae,1618133304763
19c39fd1-7d8b-4892-a417-87ca0f0a89b4,91823378-8499-4d19-a803-db878f1deaae,1618631073398
855531c8-0add-4a73-b759-162f662af3b4,91823378-8499-4d19-a803-db878f1deaae,1618303729257
9cebcaf2-0be1-45ab-9497-2315afdf8d4c,91823378-8499-4d19-a803-db878f1deaae,1618871522397
da843aab-2bfd-4c73-bc55-2b79d6d8d6d9,99dba2a8-d01c-458a-9038-f4bcdb18fef1,1618939371360
b0844f19-24a3-4d2f-8e5f-d53e331469ab,0812ef4e-6747-4ce3-b6c9-b44721380b28,1618703205684
055b9b0e-7bf0-4a7f-b68f-2fcf0459928b,0812ef4e-6747-4ce3-b6c9-b44721380b28,1618402658032
3a6cbef8-abb9-48e8-a294-d3ae43827743,901e4f6b-12a8-473f-958b-e5a14b792854,1618208729621
a1752eb9-6d58-4c13-96bc-55466d2dfad1,3004a5c4-c5e2-475a-b3b4-8c6f035c8b03,1618868691807
855531c8-0add-4a73-b759-162f662af3b4,ade3715a-0111-487c-be59-3813033e60d2,1618708215968
3558d126-6cd7-4107-983e-d27f60d421ce,7dd0e563-9910-49f8-a990-af233aee97e0,1618105726184
fa0655b9-fc87-4905-9367-7622056d64b8,1dde49ac-0604-43e9-897e-32cda41d0a9d,1618319319570
11167ffa-9afe-4caa-9b66-ae3219099b99,f1ce3398-f570-45a8-a6c9-7d2426ece162,1618089631991
055b9b0e-7bf0-4a7f-b68f-2fcf0459928b,94f8875c-de9c-4169-b2f6-b1e0d9342c5c,1618631612049
4333dee4-1b30-489e-aa66-994989e856ff,99dba2a8-d01c-458a-9038-f4bcdb18fef1,1617986600988
cbd1a65f-361e-445b-9756-6e44e52997ea,4d961598-01c9-4155-b87d-2ae6b64eaa92,1618582355474
3a6cbef8-abb9-48e8-a294-d3ae43827743,f1ce3398-f570-45a8-a6c9-7d2426ece162,1618658182080
9cebcaf2-0be1-45ab-9497-2315afdf8d4c,91823378-8499-4d19-a803-db878f1deaae,1618652546026
11167ffa-9afe-4caa-9b66-ae3219099b99,f1ce3398-f570-45a8-a6c9-7d2426ece162,1618167865312
da843aab-2bfd-4c73-bc55-2b79d6d8d6d9,94f8875c-de9c-4169-b2f6-b1e0d9342c5c,1618803944653
855531c8-0add-4a73-b759-162f662af3b4,ade3715a-0111-487c-be59-3813033e60d2,1618932690926
11167ffa-9afe-4caa-9b66-ae3219099b99,91823378-8499-4d19-a803-db878f1deaae,1618722568520
b0844f19-24a3-4d2f-8e5f-d53e331469ab,4d961598-01c9-4155-b87d-2ae6b64eaa92,1619134644602
400a2714-7eb6-4262-802b-7882a001822d,0812ef4e-6747-4ce3-b6c9-b44721380b28,1618163405712
f0cdecd6-19ab-41b0-a8ce-29d345c52b0b,ade3715a-0111-487c-be59-3813033e60d2,1617988937503
855531c8-0add-4a73-b759-162f662af3b4,901e4f6b-12a8-473f-958b-e5a14b792854,1618856477860
855531c8-0add-4a73-b759-162f662af3b4,4d961598-01c9-4155-b87d-2ae6b64eaa92,1618310681538
855531c8-0add-4a73-b759-162f662af3b4,94f8875c-de9c-4169-b2f6-b1e0d9342c5c,1618330012259
3558d126-6cd7-4107-983e-d27f60d421ce,07d0c52d-9f2b-4048-961e-37a9159a70ba,1619152585042
3558d126-6cd7-4107-983e-d27f60d421ce,1dde49ac-0604-43e9-897e-32cda41d0a9d,1618180707151
ede37973-f563-4a60-83e4-2a33e52b52d3,0812ef4e-6747-4ce3-b6c9-b44721380b28,1618039814192
cbd1a65f-361e-445b-9756-6e44e52997ea,4d961598-01c9-4155-b87d-2ae6b64eaa92,1618838357733
da843aab-2bfd-4c73-bc55-2b79d6d8d6d9,f1ce3398-f570-45a8-a6c9-7d2426ece162,1619079775500
4333dee4-1b30-489e-aa66-994989e856ff,ade3715a-0111-487c-be59-3813033e60d2,1618355025116
f3805536-8fe7-44ce-b8a9-60561fe1d502,99dba2a8-d01c-458a-9038-f4bcdb18fef1,1618994364245
ede37973-f563-4a60-83e4-2a33e52b52d3,94f8875c-de9c-4169-b2f6-b1e0d9342c5c,1618510897943
400a2714-7eb6-4262-802b-7882a001822d,f1ce3398-f570-45a8-a6c9-7d2426ece162,1618347352747
7ba2255e-26aa-4b6a-8129-f3456a783100,07d0c52d-9f2b-4048-961e-37a9159a70ba,1618344370488
f0cdecd6-19ab-41b0-a8ce-29d345c52b0b,91823378-8499-4d19-a803-db878f1deaae,1618634971808
4333dee4-1b30-489e-aa66-994989e856ff,91823378-8499-4d19-a803-db878f1deaae,1618006222168
7ba2255e-26aa-4b6a-8129-f3456a783100,1dde49ac-0604-43e9-897e-32cda41d0a9d,1619107754033
da843aab-2bfd-4c73-bc55-2b79d6d8d6d9,99dba2a8-d01c-458a-9038-f4bcdb18fef1,1618805557698
4333dee4-1b30-489e-aa66-994989e856ff,4d961598-01c9-4155-b87d-2ae6b64eaa92,1618476556743
c232f7df-0e66-4152-9096-a7df83f71f54,7dd0e563-9910-49f8-a990-af233aee97e0,1619037325412
4333dee4-1b30-489e-aa66-994989e856ff,99dba2a8-d01c-458a-9038-f4bcdb18fef1,1618517413110
e10b102b-5d26-4b8d-bf60-53ea5d92edc8,91823378-8499-4d19-a803-db878f1deaae,1618487360118
5c5ccdfa-9a8d-467e-86b4-49c7ca8a0c66,901e4f6b-12a8-473f-958b-e5a14b792854,1618780327669
19c39fd1-7d8b-4892-a417-87ca0f0a89b4,f1ce3398-f570-45a8-a6c9-7d2426ece162,1618294014406
ede37973-f563-4a60-83e4-2a33e52b52d3,4d961598-01c9-4155-b87d-2ae6b64eaa92,1618438098608
a1752eb9-6d58-4c13-96bc-55466d2dfad1,1dde49ac-0604-43e9-897e-32cda41d0a9d,1618147862494
055b9b0e-7bf0-4a7f-b68f-2fcf0459928b,f1ce3398-f570-45a8-a6c9-7d2426ece162,1618696448440
f6b58700-f2c2-4481-b902-89a67af440fd,91823378-8499-4d19-a803-db878f1deaae,1618387778441
cbd1a65f-361e-445b-9756-6e44e52997ea,99dba2a8-d01c-458a-9038-f4bcdb18fef1,1618834705703
400a2714-7eb6-4262-802b-7882a001822d,901e4f6b-12a8-473f-958b-e5a14b792854,1618404541368
b04ca654-330e-4951-bfb8-cd8f3f3b5608,91823378-8499-4d19-a803-db878f1deaae,1618426549852
fa0655b9-fc87-4905-9367-7622056d64b8,7dd0e563-9910-49f8-a990-af233aee97e0,1617994385146
5c5ccdfa-9a8d-467e-86b4-49c7ca8a0c66,0812ef4e-6747-4ce3-b6c9-b44721380b28,1618489231635
f3805536-8fe7-44ce-b8a9-60561fe1d502,94f8875c-de9c-4169-b2f6-b1e0d9342c5c,1619083216241
400a2714-7eb6-4262-802b-7882a001822d,ade3715a-0111-487c-be59-3813033e60d2,1618873534184
1cc4ae2b-15dc-45cd-a214-f0c0850fd8bb,07d0c52d-9f2b-4048-961e-37a9159a70ba,1618393990361
19c39fd1-7d8b-4892-a417-87ca0f0a89b4,91823378-8499-4d19-a803-db878f1deaae,1618963916789
8763d571-e7fc-45e9-af52-943b6cecb598,f1ce3398-f570-45a8-a6c9-7d2426ece162,1618014439596
3a6cbef8-abb9-48e8-a294-d3ae43827743,f1ce3398-f570-45a8-a6c9-7d2426ece162,1618116544264
da843aab-2bfd-4c73-bc55-2b79d6d8d6d9,ade3715a-0111-487c-be59-3813033e60d2,1618937569817
19c39fd1-7d8b-4892-a417-87ca0f0a89b4,91823378-8499-4d19-a803-db878f1deaae,1618569760603
65ec28b7-5c5c-4c9c-87ea-eff7cbc416bf,ade3715a-0111-487c-be59-3813033e60d2,1618244597155
7ba2255e-26aa-4b6a-8129-f3456a783100,3004a5c4-c5e2-475a-b3b4-8c6f035c8b03,1618157020809
b00081db-9572-4029-8582-c2519038c8a4,4d961598-01c9-4155-b87d-2ae6b64eaa92,1619032553061
c232f7df-0e66-4152-9096-a7df83f71f54,61db2a96-94c2-49bc-9a09-fd5d341d645d,1618348535858
3558d126-6cd7-4107-983e-d27f60d421ce,07d0c52d-9f2b-4048-961e-37a9159a70ba,1619018759605
a1752eb9-6d58-4c13-96bc-55466d2dfad1,5418a3ba-df46-479a-905f-f91348957b0f,1618198830393
9cebcaf2-0be1-45ab-9497-2315afdf8d4c,0812ef4e-6747-4ce3-b6c9-b44721380b28,1618314509671
b0844f19-24a3-4d2f-8e5f-d53e331469ab,99dba2a8-d01c-458a-9038-f4bcdb18fef1,1618378197901
855531c8-0add-4a73-b759-162f662af3b4,4d961598-01c9-4155-b87d-2ae6b64eaa92,1618975088244
f0cdecd6-19ab-41b0-a8ce-29d345c52b0b,94f8875c-de9c-4169-b2f6-b1e0d9342c5c,1618309365096
855531c8-0add-4a73-b759-162f662af3b4,f1ce3398-f570-45a8-a6c9-7d2426ece162,1619103333361
11167ffa-9afe-4caa-9b66-ae3219099b99,f1ce3398-f570-45a8-a6c9-7d2426ece162,1618347398615
5c5ccdfa-9a8d-467e-86b4-49c7ca8a0c66,901e4f6b-12a8-473f-958b-e5a14b792854,1618748876612
4333dee4-1b30-489e-aa66-994989e856ff,4d961598-01c9-4155-b87d-2ae6b64eaa92,1619118133502
b00081db-9572-4029-8582-c2519038c8a4,901e4f6b-12a8-473f-958b-e5a14b792854,1618299285232
da843aab-2bfd-4c73-bc55-2b79d6d8d6d9,94f8875c-de9c-4169-b2f6-b1e0d9342c5c,1618206524476
19c39fd1-7d8b-4892-a417-87ca0f0a89b4,f1ce3398-f570-45a8-a6c9-7d2426ece162,1618520447904
f73f87d2-5a76-463c-8204-47f1d2c86fe8,4d961598-01c9-4155-b87d-2ae6b64eaa92,1618519743014
855531c8-0add-4a73-b759-162f662af3b4,901e4f6b-12a8-473f-958b-e5a14b792854,1619029163581
fa0655b9-fc87-4905-9367-7622056d64b8,07d0c52d-9f2b-4048-961e-37a9159a70ba,1618158359415
510a2d52-9818-409d-9ac9-5e53cd1f8dfd,f1ce3398-f570-45a8-a6c9-7d2426ece162,1618475917029
9cebcaf2-0be1-45ab-9497-2315afdf8d4c,91823378-8499-4d19-a803-db878f1deaae,1618241808220
19c39fd1-7d8b-4892-a417-87ca0f0a89b4,94f8875c-de9c-4169-b2f6-b1e0d9342c5c,1618064736844
a1752eb9-6d58-4c13-96bc-55466d2dfad1,07d0c52d-9f2b-4048-961e-37a9159a70ba,1618047821373
f73f87d2-5a76-463c-8204-47f1d2c86fe8,ade3715a-0111-487c-be59-3813033e60d2,1618394590213
5c5ccdfa-9a8d-467e-86b4-49c7ca8a0c66,99dba2a8-d01c-458a-9038-f4bcdb18fef1,1618777398495
fa0655b9-fc87-4905-9367-7622056d64b8,61db2a96-94c2-49bc-9a09-fd5d341d645d,1618343096290
4333dee4-1b30-489e-aa66-994989e856ff,91823378-8499-4d19-a803-db878f1deaae,1618159973405
510a2d52-9818-409d-9ac9-5e53cd1f8dfd,94f8875c-de9c-4169-b2f6-b1e0d9342c5c,1618240096305
19c39fd1-7d8b-4892-a417-87ca0f0a89b4,4d961598-01c9-4155-b87d-2ae6b64eaa92,1618568377901
9cebcaf2-0be1-45ab-9497-2315afdf8d4c,99dba2a8-d01c-458a-9038-f4bcdb18fef1,1618608206204
3e13aca9-a4ce-4098-b1db-6f73917fea1d,ade3715a-0111-487c-be59-3813033e60d2,1618793991621
9cebcaf2-0be1-45ab-9497-2315afdf8d4c,91823378-8499-4d19-a803-db878f1deaae,1618280233061
510a2d52-9818-409d-9ac9-5e53cd1f8dfd,91823378-8499-4d19-a803-db878f1deaae,1618672050290
400a2714-7eb6-4262-802b-7882a001822d,0812ef4e-6747-4ce3-b6c9-b44721380b28,1618879767891
b04ca654-330e-4951-bfb8-cd8f3f3b5608,91823378-8499-4d19-a803-db878f1deaae,1618525628683
3a6cbef8-abb9-48e8-a294-d3ae43827743,901e4f6b-12a8-473f-958b-e5a14b792854,1618599187708
65ec28b7-5c5c-4c9c-87ea-eff7cbc416bf,f1ce3398-f570-45a8-a6c9-7d2426ece162,1618130097852
e10b102b-5d26-4b8d-bf60-53ea5d92edc8,99dba2a8-d01c-458a-9038-f4bcdb18fef1,1619025310175
4333dee4-1b30-489e-aa66-994989e856ff,94f8875c-de9c-4169-b2f6-b1e0d9342c5c,1618585670468
da843aab-2bfd-4c73-bc55-2b79d6d8d6d9,4d961598-01c9-4155-b87d-2ae6b64eaa92,1619019361390
cbd1a65f-361e-445b-9756-6e44e52997ea,4d961598-01c9-4155-b87d-2ae6b64eaa92,1618387841300
f73f87d2-5a76-463c-8204-47f1d2c86fe8,99dba2a8-d01c-458a-9038-f4bcdb18fef1,1619149785524
4333dee4-1b30-489e-aa66-994989e856ff,99dba2a8-d01c-458a-9038-f4bcdb18fef1,1618640826859
3e13aca9-a4ce-4098-b1db-6f73917fea1d,99dba2a8-d01c-458a-9038-f4bcdb18fef1,1618572698262
b00081db-9572-4029-8582-c2519038c8a4,99dba2a8-d01c-458a-9038-f4bcdb18fef1,1618382551162
f3805536-8fe7-44ce-b8a9-60561fe1d502,91823378-8499-4d19-a803-db878f1deaae,1618981383885
11167ffa-9afe-4caa-9b66-ae3219099b99,ade3715a-0111-487c-be59-3813033e60d2,1618215542796
06ab53f0-ea47-4adf-88e3-1bfb60970fce,f1ce3398-f570-45a8-a6c9-7d2426ece162,1618240849078
1cc4ae2b-15dc-45cd-a214-f0c0850fd8bb,3004a5c4-c5e2-475a-b3b4-8c6f035c8b03,1618873092335
3558d126-6cd7-4107-983e-d27f60d421ce,5418a3ba-df46-479a-905f-f91348957b0f,1618531806662
ede37973-f563-4a60-83e4-2a33e52b52d3,91823378-8499-4d19-a803-db878f1deaae,1619095701090
f0cdecd6-19ab-41b0-a8ce-29d345c52b0b,91823378-8499-4d19-a803-db878f1deaae,1618273003743
a1752eb9-6d58-4c13-96bc-55466d2dfad1,7dd0e563-9910-49f8-a990-af233aee97e0,1618530686548
f3805536-8fe7-44ce-b8a9-60561fe1d502,4d961598-01c9-4155-b87d-2ae6b64eaa92,1618004594728
4333dee4-1b30-489e-aa66-994989e856ff,99dba2a8-d01c-458a-9038-f4bcdb18fef1,1619033900246
855531c8-0add-4a73-b759-162f662af3b4,94f8875c-de9c-4169-b2f6-b1e0d9342c5c,1618437016373
06ab53f0-ea47-4adf-88e3-1bfb60970fce,ade3715a-0111-487c-be59-3813033e60d2,1619116195073
da843aab-2bfd-4c73-bc55-2b79d6d8d6d9,ade3715a-0111-487c-be59-3813033e60d2,1617994777824
b0844f19-24a3-4d2f-8e5f-d53e331469ab,91823378-8499-4d19-a803-db878f1deaae,1617997249914
cbd1a65f-361e-445b-9756-6e44e52997ea,99dba2a8-d01c-458a-9038-f4bcdb18fef1,1618012339595
cbd1a65f-361e-445b-9756-6e44e52997ea,94f8875c-de9c-4169-b2f6-b1e0d9342c5c,1618797576010
4333dee4-1b30-489e-aa66-994989e856ff,901e4f6b-12a8-473f-958b-e5a14b792854,1619055419667
06ab53f0-ea47-4adf-88e3-1bfb60970fce,901e4f6b-12a8-473f-958b-e5a14b792854,1618280638811
cbd1a65f-361e-445b-9756-6e44e52997ea,99dba2a8-d01c-458a-9038-f4bcdb18fef1,1618547919062
19c39fd1-7d8b-4892-a417-87ca0f0a89b4,94f8875c-de9c-4169-b2f6-b1e0d9342c5c,1618135910608
510a2d52-9818-409d-9ac9-5e53cd1f8dfd,901e4f6b-12a8-473f-958b-e5a14b792854,1618571523639
e10b102b-5d26-4b8d-bf60-53ea5d92edc8,4d961598-01c9-4155-b87d-2ae6b64eaa92,1617989215155
da843aab-2bfd-4c73-bc55-2b79d6d8d6d9,ade3715a-0111-487c-be59-3813033e60d2,1618005790892
9cebcaf2-0be1-45ab-9497-2315afdf8d4c,ade3715a-0111-487c-be59-3813033e60d2,1619015781197
3558d126-6cd7-4107-983e-d27f60d421ce,3004a5c4-c5e2-475a-b3b4-8c6f035c8b03,1618006821731
f6b58700-f2c2-4481-b902-89a67af440fd,f1ce3398-f570-45a8-a6c9-7d2426ece162,1619075603063
3558d126-6cd7-4107-983e-d27f60d421ce,3004a5c4-c5e2-475a-b3b4-8c6f035c8b03,1618052424320
8763d571-e7fc-45e9-af52-943b6cecb598,ade3715a-0111-487c-be59-3813033e60d2,1618090303607
855531c8-0add-4a73-b759-162f662af3b4,ade3715a-0111-487c-be59-3813033e60d2,1618304709393
06ab53f0-ea47-4adf-88e3-1bfb60970fce,94f8875c-de9c-4169-b2f6-b1e0d9342c5c,1618551101840
f73f87d2-5a76-463c-8204-47f1d2c86fe8,0812ef4e-6747-4ce3-b6c9-b44721380b28,1618486653137
4333dee4-1b30-489e-aa66-994989e856ff,f1ce3398-f570-45a8-a6c9-7d2426ece162,1618855367021
9cebcaf2-0be1-45ab-9497-2315afdf8d4c,99dba2a8-d01c-458a-9038-f4bcdb18fef1,1618608254336
8763d571-e7fc-45e9-af52-943b6cecb598,0812ef4e-6747-4ce3-b6c9-b44721380b28,1618270904178
c232f7df-0e66-4152-9096-a7df83f71f54,7dd0e563-9910-49f8-a990-af233aee97e0,1618550521132
b00081db-9572-4029-8582-c2519038c8a4,94f8875c-de9c-4169-b2f6-b1e0d9342c5c,1618075007738
8763d571-e7fc-45e9-af52-943b6cecb598,0812ef4e-6747-4ce3-b6c9-b44721380b28,1618942485317
a1752eb9-6d58-4c13-96bc-55466d2dfad1,07d0c52d-9f2b-4048-961e-37a9159a70ba,1618889437068
b0844f19-24a3-4d2f-8e5f-d53e331469ab,901e4f6b-12a8-473f-958b-e5a14b792854,1619069852992
06ab53f0-ea47-4adf-88e3-1bfb60970fce,0812ef4e-6747-4ce3-b6c9-b44721380b28,1619104014266
400a2714-7eb6-4262-802b-7882a001822d,99dba2a8-d01c-458a-9038-f4bcdb18fef1,1619043272546
da843aab-2bfd-4c73-bc55-2b79d6d8d6d9,94f8875c-de9c-4169-b2f6-b1e0d9342c5c,1619142525173
06ab53f0-ea47-4adf-88e3-1bfb60970fce,94f8875c-de9c-4169-b2f6-b1e0d9342c5c,1618016879576
da843aab-2bfd-4c73-bc55-2b79d6d8d6d9,94f8875c-de9c-4169-b2f6-b1e0d9342c5c,1618782156198
fa0655b9-fc87-4905-9367-7622056d64b8,7dd0e563-9910-49f8-a990-af233aee97e0,1618456030171
cbd1a65f-361e-445b-9756-6e44e52997ea,f1ce3398-f570-45a8-a6c9-7d2426ece162,1618758408901
510a2d52-9818-409d-9ac9-5e53cd1f8dfd,4d961598-01c9-4155-b87d-2ae6b64eaa92,1618051819855
8763d571-e7fc-45e9-af52-943b6cecb598,ade3715a-0111-487c-be59-3813033e60d2,1619108092127
e10b102b-5d26-4b8d-bf60-53ea5d92edc8,91823378-8499-4d19-a803-db878f1deaae,1618772780153
65ec28b7-5c5c-4c9c-87ea-eff7cbc416bf,4d961598-01c9-4155-b87d-2ae6b64eaa92,1618290081701
510a2d52-9818-409d-9ac9-5e53cd1f8dfd,99dba2a8-d01c-458a-9038-f4bcdb18fef1,1619149365262
855531c8-0add-4a73-b759-162f662af3b4,4d961598-01c9-4155-b87d-2ae6b64eaa92,1618316256486
c232f7df-0e66-4152-9096-a7df83f71f54,07d0c52d-9f2b-4048-961e-37a9159a70ba,1618448293358
8763d571-e7fc-45e9-af52-943b6cecb598,91823378-8499-4d19-a803-db878f1deaae,1618276888373
11167ffa-9afe-4caa-9b66-ae3219099b99,0812ef4e-6747-4ce3-b6c9-b44721380b28,1618188906851
ede37973-f563-4a60-83e4-2a33e52b52d3,ade3715a-0111-487c-be59-3813033e60d2,1618121546038
65ec28b7-5c5c-4c9c-87ea-eff7cbc416bf,94f8875c-de9c-4169-b2f6-b1e0d9342c5c,1618927564519
3558d126-6cd7-4107-983e-d27f60d421ce,3004a5c4-c5e2-475a-b3b4-8c6f035c8b03,1618903580194
4333dee4-1b30-489e-aa66-994989e856ff,91823378-8499-4d19-a803-db878f1deaae,1618968196607
b0844f19-24a3-4d2f-8e5f-d53e331469ab,99dba2a8-d01c-458a-9038-f4bcdb18fef1,1618006199756
855531c8-0add-4a73-b759-162f662af3b4,901e4f6b-12a8-473f-958b-e5a14b792854,1618572940840
19c39fd1-7d8b-4892-a417-87ca0f0a89b4,94f8875c-de9c-4169-b2f6-b1e0d9342c5c,1618293555890
cbd1a65f-361e-445b-9756-6e44e52997ea,ade3715a-0111-487c-be59-3813033e60d2,1619144981904
ede37973-f563-4a60-83e4-2a33e52b52d3,901e4f6b-12a8-473f-958b-e5a14b792854,1619080168298
055b9b0e-7bf0-4a7f-b68f-2fcf0459928b,f1ce3398-f570-45a8-a6c9-7d2426ece162,1618925576394
5c5ccdfa-9a8d-467e-86b4-49c7ca8a0c66,99dba2a8-d01c-458a-9038-f4bcdb18fef1,1618552862034
b04ca654-330e-4951-bfb8-cd8f3f3b5608,0812ef4e-6747-4ce3-b6c9-b44721380b28,1618845129526
855531c8-0add-4a73-b759-162f662af3b4,99dba2a8-d01c-458a-9038-f4bcdb18fef1,1619020673674
da843aab-2bfd-4c73-bc55-2b79d6d8d6d9,0812ef4e-6747-4ce3-b6c9-b44721380b28,1618507917170
b0844f19-24a3-4d2f-8e5f-d53e331469ab,99dba2a8-d01c-458a-9038-f4bcdb18fef1,1618743448859
b04ca654-330e-4951-bfb8-cd8f3f3b5608,4d961598-01c9-4155-b87d-2ae6b64eaa92,1618984314851
cbd1a65f-361e-445b-9756-6e44e52997ea,0812ef4e-6747-4ce3-b6c9-b44721380b28,1618889674639
5c5ccdfa-9a8d-467e-86b4-49c7ca8a0c66,91823378-8499-4d19-a803-db878f1deaae,1618389556520
06ab53f0-ea47-4adf-88e3-1bfb60970fce,f1ce3398-f570-45a8-a6c9-7d2426ece162,1618224801168
055b9b0e-7bf0-4a7f-b68f-2fcf0459928b,ade3715a-0111-487c-be59-3813033e60d2,1618405536873
510a2d52-9818-409d-9ac9-5e53cd1f8dfd,0812ef4e-6747-4ce3-b6c9-b44721380b28,1618772149621
510a2d52-9818-409d-9ac9-5e53cd1f8dfd,91823378-8499-4d19-a803-db878f1deaae,1618080009766
f6b58700-f2c2-4481-b902-89a67af440fd,99dba2a8-d01c-458a-9038-f4bcdb18fef1,1619074473705
a1752eb9-6d58-4c13-96bc-55466d2dfad1,61db2a96-94c2-49bc-9a09-fd5d341d645d,1618219349342
06ab53f0-ea47-4adf-88e3-1bfb60970fce,f1ce3398-f570-45a8-a6c9-7d2426ece162,1618190977634
c232f7df-0e66-4152-9096-a7df83f71f54,61db2a96-94c2-49bc-9a09-fd5d341d645d,1618075601268
510a2d52-9818-409d-9ac9-5e53cd1f8dfd,94f8875c-de9c-4169-b2f6-b1e0d9342c5c,1618224727068
b00081db-9572-4029-8582-c2519038c8a4,ade3715a-0111-487c-be59-3813033e60d2,1618420555254
3e13aca9-a4ce-4098-b1db-6f73917fea1d,901e4f6b-12a8-473f-958b-e5a14b792854,1618098942820
3a6cbef8-abb9-48e8-a294-d3ae43827743,ade3715a-0111-487c-be59-3813033e60d2,1618221353463
3e13aca9-a4ce-4098-b1db-6f73917fea1d,0812ef4e-6747-4ce3-b6c9-b44721380b28,1618034107128
b0844f19-24a3-4d2f-8e5f-d53e331469ab,94f8875c-de9c-4169-b2f6-b1e0d9342c5c,1618617049226
855531c8-0add-4a73-b759-162f662af3b4,91823378-8499-4d19-a803-db878f1deaae,1619031844589
b0844f19-24a3-4d2f-8e5f-d53e331469ab,4d961598-01c9-4155-b87d-2ae6b64eaa92,1618832605316
b0844f19-24a3-4d2f-8e5f-d53e331469ab,0812ef4e-6747-4ce3-b6c9-b44721380b28,1619179927130
3558d126-6cd7-4107-983e-d27f60d421ce,5418a3ba-df46-479a-905f-f91348957b0f,1618091945413
055b9b0e-7bf0-4a7f-b68f-2fcf0459928b,0812ef4e-6747-4ce3-b6c9-b44721380b28,1618015139811
b04ca654-330e-4951-bfb8-cd8f3f3b5608,94f8875c-de9c-4169-b2f6-b1e0d9342c5c,1618047778324
400a2714-7eb6-4262-802b-7882a001822d,0812ef4e-6747-4ce3-b6c9-b44721380b28,1618893904375
055b9b0e-7bf0-4a7f-b68f-2fcf0459928b,f1ce3398-f570-45a8-a6c9-7d2426ece162,1618144878882
7ba2255e-26aa-4b6a-8129-f3456a783100,07d0c52d-9f2b-4048-961e-37a9159a70ba,1618269805512
f6b58700-f2c2-4481-b902-89a67af440fd,99dba2a8-d01c-458a-9038-f4bcdb18fef1,1618186640258
06ab53f0-ea47-4adf-88e3-1bfb60970fce,99dba2a8-d01c-458a-9038-f4bcdb18fef1,1619032219757
b00081db-9572-4029-8582-c2519038c8a4,99dba2a8-d01c-458a-9038-f4bcdb18fef1,1618075152030
510a2d52-9818-409d-9ac9-5e53cd1f8dfd,f1ce3398-f570-45a8-a6c9-7d2426ece162,1619011283981
06ab53f0-ea47-4adf-88e3-1bfb60970fce,f1ce3398-f570-45a8-a6c9-7d2426ece162,1618393357880
65ec28b7-5c5c-4c9c-87ea-eff7cbc416bf,4d961598-01c9-4155-b87d-2ae6b64eaa92,1618176178129
3e13aca9-a4ce-4098-b1db-6f73917fea1d,901e4f6b-12a8-473f-958b-e5a14b792854,1618920869351
7ba2255e-26aa-4b6a-8129-f3456a783100,5418a3ba-df46-479a-905f-f91348957b0f,1618664212185
4333dee4-1b30-489e-aa66-994989e856ff,901e4f6b-12a8-473f-958b-e5a14b792854,1618110801948
5c5ccdfa-9a8d-467e-86b4-49c7ca8a0c66,ade3715a-0111-487c-be59-3813033e60d2,1618076511408
f0cdecd6-19ab-41b0-a8ce-29d345c52b0b,f1ce3398-f570-45a8-a6c9-7d2426ece162,1618665912443
b00081db-9572-4029-8582-c2519038c8a4,901e4f6b-12a8-473f-958b-e5a14b792854,1619066286898
7ba2255e-26aa-4b6a-8129-f3456a783100,07d0c52d-9f2b-4048-961e-37a9159a70ba,1618073783290
b04ca654-330e-4951-bfb8-cd8f3f3b5608,0812ef4e-6747-4ce3-b6c9-b44721380b28,1618873923985
3558d126-6cd7-4107-983e-d27f60d421ce,61db2a96-94c2-49bc-9a09-fd5d341d645d,1618155529450
f3805536-8fe7-44ce-b8a9-60561fe1d502,4d961598-01c9-4155-b87d-2ae6b64eaa92,1618737746614
f3805536-8fe7-44ce-b8a9-60561fe1d502,91823378-8499-4d19-a803-db878f1deaae,1618170824400
b0844f19-24a3-4d2f-8e5f-d53e331469ab,ade3715a-0111-487c-be59-3813033e60d2,1619146945986
1cc4ae2b-15dc-45cd-a214-f0c0850fd8bb,33e08f77-6289-4187-9ceb-88c484e2965d,1618744917331
e10b102b-5d26-4b8d-bf60-53ea5d92edc8,f1ce3398-f570-45a8-a6c9-7d2426ece162,1618994011166
3a6cbef8-abb9-48e8-a294-d3ae43827743,ade3715a-0111-487c-be59-3813033e60d2,1618494869344
06ab53f0-ea47-4adf-88e3-1bfb60970fce,91823378-8499-4d19-a803-db878f1deaae,1619042856235
06ab53f0-ea47-4adf-88e3-1bfb60970fce,4d961598-01c9-4155-b87d-2ae6b64eaa92,1618730711693
fa0655b9-fc87-4905-9367-7622056d64b8,3004a5c4-c5e2-475a-b3b4-8c6f035c8b03,1618457575511
510a2d52-9818-409d-9ac9-5e53cd1f8dfd,99dba2a8-d01c-458a-9038-f4bcdb18fef1,1618470995552
8763d571-e7fc-45e9-af52-943b6cecb598,4d961598-01c9-4155-b87d-2ae6b64eaa92,1618677659884
3e13aca9-a4ce-4098-b1db-6f73917fea1d,99dba2a8-d01c-458a-9038-f4bcdb18fef1,1618839061613
b0844f19-24a3-4d2f-8e5f-d53e331469ab,99dba2a8-d01c-458a-9038-f4bcdb18fef1,1618322945713
b04ca654-330e-4951-bfb8-cd8f3f3b5608,91823378-8499-4d19-a803-db878f1deaae,1618354366984
